,AT,BE,BG,CY,CZ,DE,DK,EE,ES,FI,FR,GR,HR,HU,IE,IT,LT,LU,LV,MT,NL,PL,PT,RO,SE,SI,SK
0,138106.0,383164.0,102729.0,40272.0,105149.0,1993965.0,271162.0,20857.0,1656900.0,146766.0,2149943.0,428677.0,142786.0,126753.0,557974.0,1898453.0,29573.0,19720.0,15659.0,19351.0,1132031.0,397857.0,965330.0,203598.0,508911.0,36686.0,47993.0
1,123128.0,343824.0,91978.0,35339.0,97687.0,1889238.0,243119.0,18944.0,1476643.0,143878.0,2005321.0,390268.0,128017.0,114937.0,537507.0,1692205.0,26902.0,18295.0,13820.0,18724.0,1075593.0,356979.0,895646.0,176255.0,479047.0,33975.0,46909.0
2,113447.0,312066.0,84657.0,33236.0,89896.0,1731264.0,216791.0,18213.0,1365602.0,127009.0,1851847.0,354266.0,116259.0,104778.0,504141.0,1534988.0,23024.0,15610.0,14891.0,16276.0,1035182.0,330500.0,791110.0,168362.0,442095.0,31261.0,42082.0
3,109262.0,295112.0,78071.0,32782.0,84636.0,1577483.0,207746.0,14410.0,1208474.0,121790.0,1723272.0,328173.0,105475.0,94549.0,456140.0,1389275.0,20504.0,13057.0,12868.0,15120.0,952330.0,302291.0,753015.0,149429.0,407179.0,26954.0,37511.0
4,97026.0,276359.0,69785.0,31515.0,74020.0,1482537.0,199283.0,15404.0,1106786.0,121441.0,1633094.0,284616.0,91528.0,85500.0,478249.0,1231559.0,19221.0,13833.0,10872.0,16200.0,770254.0,257440.0,702846.0,139027.0,378672.0,27152.0,32547.0
5,94680.0,262368.0,66659.0,27753.0,72228.0,1399674.0,186410.0,13025.0,1006734.0,120372.0,1528621.0,283454.0,85395.0,78120.0,475473.0,1131152.0,17923.0,13087.0,10732.0,13139.0,721295.0,247462.0,657464.0,124671.0,359206.0,22699.0,27740.0
6,84296.0,242955.0,61574.0,27311.0,63033.0,1322381.0,179117.0,11610.0,921399.0,114081.0,1461564.0,255627.0,75575.0,73876.0,480503.0,1029920.0,14970.0,13121.0,9942.0,12212.0,691744.0,225993.0,590327.0,115447.0,339212.0,22002.0,26094.0
7,84502.0,226530.0,60125.0,23231.0,62903.0,1283351.0,170345.0,13019.0,840364.0,106880.0,1385436.0,222568.0,66242.0,72161.0,452628.0,960526.0,14818.0,12906.0,9079.0,11390.0,677490.0,206906.0,540387.0,105715.0,314215.0,22479.0,23486.0
8,78732.0,208949.0,54155.0,22118.0,58754.0,1209732.0,160147.0,11719.0,763341.0,112606.0,1301766.0,225716.0,61096.0,65687.0,384753.0,877588.0,13480.0,12807.0,8342.0,10739.0,731849.0,200059.0,483686.0,101712.0,304980.0,20485.0,21652.0
9,73414.0,209795.0,51758.0,20778.0,57365.0,1150170.0,151990.0,10935.0,714225.0,109191.0,1239814.0,205642.0,56704.0,60830.0,362142.0,818313.0,11970.0,10978.0,8549.0,10244.0,734755.0,185763.0,449487.0,92446.0,285778.0,19495.0,23000.0
10,72955.0,191659.0,51877.0,21238.0,53306.0,1090598.0,145014.0,10502.0,645613.0,111186.0,1160790.0,184025.0,47474.0,58799.0,371146.0,748297.0,12191.0,10448.0,8125.0,8342.0,709155.0,179072.0,413149.0,84265.0,270751.0,15677.0,19440.0
11,69473.0,182889.0,51133.0,18670.0,50155.0,1032623.0,134141.0,9774.0,610863.0,107164.0,1124038.0,171543.0,43441.0,56540.0,359252.0,687053.0,11505.0,11200.0,7684.0,8536.0,691849.0,157239.0,355596.0,87455.0,255343.0,16636.0,19499.0
12,68646.0,172822.0,47801.0,16930.0,48672.0,1004385.0,129895.0,9210.0,569710.0,111209.0,1071705.0,165520.0,39915.0,55210.0,330457.0,632828.0,11901.0,8907.0,7968.0,7849.0,680931.0,145988.0,336925.0,78491.0,242667.0,16268.0,18948.0
13,65884.0,163162.0,46002.0,16436.0,51079.0,1007296.0,128804.0,9239.0,524773.0,119123.0,1008903.0,157520.0,38785.0,60464.0,334211.0,584202.0,12282.0,8926.0,7346.0,7969.0,681794.0,135752.0,301697.0,79493.0,227055.0,13642.0,17309.0
14,63422.0,157339.0,44833.0,16765.0,52489.0,996316.0,120670.0,10481.0,491851.0,118058.0,1010373.0,149940.0,34207.0,64227.0,285165.0,561698.0,13056.0,10201.0,8503.0,6945.0,675448.0,149251.0,280444.0,80074.0,216624.0,14274.0,18395.0
15,64353.0,156777.0,44461.0,13923.0,52839.0,988300.0,114183.0,11230.0,461856.0,125239.0,980591.0,137981.0,34251.0,64051.0,273637.0,533842.0,13454.0,8848.0,8169.0,7282.0,663105.0,140562.0,243420.0,80075.0,213495.0,13151.0,17619.0
16,63258.0,142344.0,50056.0,15052.0,55997.0,980711.0,113266.0,10062.0,440330.0,127844.0,963365.0,133313.0,31078.0,70693.0,261260.0,516169.0,13282.0,8377.0,8623.0,6605.0,659374.0,140010.0,222572.0,84816.0,205565.0,12801.0,20084.0
17,67002.0,149079.0,54039.0,14637.0,58149.0,1000675.0,112434.0,11763.0,417607.0,138509.0,953662.0,134989.0,29968.0,74337.0,268865.0,508840.0,16509.0,8457.0,10194.0,7931.0,626979.0,142701.0,194410.0,89686.0,205919.0,14123.0,20273.0
18,68743.0,143160.0,52493.0,15844.0,62044.0,1017921.0,113355.0,11076.0,409254.0,147509.0,917742.0,132839.0,30293.0,77656.0,257802.0,512052.0,16044.0,8362.0,10825.0,8147.0,621622.0,152700.0,186430.0,96476.0,212427.0,14049.0,19593.0
19,74436.0,146188.0,65922.0,16571.0,67891.0,1081893.0,118138.0,14403.0,406114.0,156460.0,947580.0,137709.0,32904.0,88745.0,265925.0,518824.0,20544.0,8577.0,12275.0,7868.0,602864.0,168520.0,170121.0,113383.0,219969.0,14978.0,24717.0
20,82073.0,152802.0,80657.0,19812.0,74335.0,1121972.0,124837.0,15188.0,393404.0,171921.0,926075.0,148806.0,33550.0,101593.0,275286.0,507776.0,24912.0,9592.0,14111.0,8955.0,677909.0,178898.0,153064.0,129880.0,232622.0,16911.0,27868.0
21,84487.0,148848.0,81000.0,20159.0,78126.0,1164547.0,127510.0,17062.0,380432.0,174666.0,922779.0,145441.0,31776.0,108941.0,301061.0,512337.0,26429.0,8710.0,14343.0,8390.0,626350.0,201495.0,146964.0,137516.0,230665.0,16074.0,28173.0
22,92001.0,155812.0,97950.0,23853.0,86637.0,1251879.0,142295.0,18574.0,384806.0,179000.0,921368.0,150467.0,35013.0,125095.0,367161.0,522257.0,29227.0,8224.0,16007.0,9532.0,757201.0,204005.0,138554.0,160432.0,251585.0,19485.0,31327.0
23,103647.0,164023.0,110096.0,24112.0,94132.0,1345757.0,147915.0,21346.0,386342.0,189658.0,944023.0,168406.0,38244.0,144120.0,351626.0,541064.0,34545.0,10614.0,18515.0,10308.0,794361.0,234410.0,122964.0,183351.0,261154.0,20251.0,36956.0
24,114890.0,192937.0,118485.0,25181.0,108836.0,1499615.0,159952.0,24533.0,392385.0,209942.0,994745.0,178634.0,43963.0,165506.0,396970.0,609413.0,39256.0,11500.0,20809.0,11660.0,690866.0,263155.0,118031.0,199466.0,288277.0,24700.0,44785.0
25,135567.0,200210.0,131375.0,30343.0,126117.0,1716944.0,176572.0,26042.0,425941.0,220687.0,1070804.0,206040.0,49826.0,188852.0,386516.0,677585.0,48971.0,12753.0,21689.0,14624.0,738087.0,288205.0,109190.0,231103.0,319091.0,26376.0,52780.0
26,153001.0,216637.0,148272.0,35300.0,143147.0,1916410.0,187553.0,30346.0,441666.0,239495.0,1127905.0,237912.0,54786.0,210182.0,362182.0,750697.0,52700.0,12865.0,25303.0,14683.0,766211.0,329084.0,100692.0,264017.0,348530.0,30030.0,59417.0
27,170776.0,234886.0,157938.0,34343.0,158938.0,2093887.0,205659.0,31586.0,467001.0,265335.0,1231840.0,257348.0,59621.0,227924.0,279493.0,848671.0,59480.0,16459.0,26971.0,18774.0,723754.0,365911.0,96529.0,292141.0,367576.0,34148.0,68336.0
28,183720.0,264138.0,163086.0,32994.0,183550.0,2269820.0,222776.0,36074.0,497495.0,283767.0,1302754.0,204971.0,54650.0,255215.0,351687.0,585458.0,69763.0,18050.0,28149.0,21068.0,760279.0,400103.0,91150.0,330149.0,382625.0,37864.0,78919.0
29,212040.0,298152.0,188630.0,40912.0,202743.0,2538038.0,239971.0,42935.0,554884.0,300928.0,1472825.0,312294.0,73123.0,272322.0,346792.0,1065404.0,75069.0,18183.0,30764.0,22583.0,870197.0,451932.0,86374.0,375566.0,422889.0,42894.0,88551.0
30,231080.0,324192.0,210993.0,43615.0,222920.0,2764191.0,255291.0,47664.0,610927.0,334672.0,1637073.0,349603.0,84031.0,301636.0,374316.0,1203002.0,95051.0,20358.0,35355.0,23934.0,899666.0,510778.0,83082.0,425869.0,460998.0,50440.0,97942.0
31,259408.0,369975.0,236830.0,50218.0,255906.0,3074475.0,285178.0,54205.0,732552.0,351755.0,1826074.0,395849.0,100964.0,338654.0,371129.0,1401912.0,106788.0,25454.0,43333.0,26659.0,1015979.0,618219.0,85258.0,475582.0,504895.0,59751.0,115657.0
32,279003.0,415810.0,258140.0,57911.0,274888.0,3334756.0,308298.0,59082.0,790524.0,383212.0,1992740.0,420908.0,108681.0,366681.0,278606.0,1571773.0,114987.0,24272.0,47689.0,31110.0,1101518.0,668908.0,89548.0,540577.0,551713.0,61953.0,126008.0
33,302613.6666666667,461139.0,277749.3333333333,60982.333333333336,300154.3333333333,3556153.333333333,335466.0,63198.0,890215.3333333334,404392.3333333333,2140195.333333333,467028.3333333333,120084.66666666669,397564.3333333333,290769.0,1739419.3333333333,122780.0,27671.33333333333,52749.333333333336,33376.0,1099893.3333333333,735904.3333333334,93502.66666666669,583398.0,598280.0,68095.0,138738.33333333334
34,326224.3333333333,506468.0,297358.6666666667,64053.66666666666,325420.6666666667,3777550.6666666665,362634.0,67314.0,989906.6666666666,425572.6666666667,2287650.6666666665,513148.6666666667,131488.33333333334,428447.6666666667,302932.0,1907065.6666666667,130573.0,31070.666666666668,57809.66666666666,35642.0,1098268.6666666667,802900.6666666666,97457.33333333331,626219.0,644847.0,74237.0,151468.66666666666
35,349835.0,551797.0,316968.0,67125.0,350687.0,3998948.0,389802.0,71430.0,1089598.0,446753.0,2435106.0,559269.0,142892.0,459331.0,315095.0,2074712.0,138366.0,34470.0,62870.0,37908.0,1096644.0,869897.0,101412.0,669040.0,691414.0,80379.0,164199.0
36,375959.0,598204.0,340981.0,71700.0,384196.0,4265209.0,424242.0,80624.0,1237316.0,461467.0,2610786.0,600394.0,155716.0,484903.0,377061.0,2304501.0,141624.0,38184.0,64135.0,40802.0,1186900.0,979424.0,110293.0,703606.0,747074.0,86003.0,182269.0
37,399036.0,661593.0,371524.0,74845.0,406682.0,4599534.0,462499.0,88424.0,1474845.0,493596.0,2856734.0,646379.0,182967.0,527153.0,395956.0,2541398.0,159822.0,40600.0,72959.0,45846.0,1247588.0,1104401.0,127454.0,754872.0,818688.0,97678.0,197561.0
38,409731.0,685177.0,384101.0,75806.0,436447.0,4807986.0,493128.0,91052.0,1619164.0,508004.0,2977590.0,695448.0,190336.0,536133.0,450563.0,2731349.0,167126.0,42028.0,73553.0,46198.0,1365484.0,1157134.0,141523.0,764091.0,884399.0,101483.0,197253.0
39,430186.0,753470.0,401563.0,77178.0,449286.0,4985173.0,511441.0,94713.0,1740945.0,514450.0,3163181.0,736958.0,205268.0,573347.0,551157.0,2917732.0,170340.0,42678.0,78463.0,47709.0,1444855.0,1201222.0,152269.0,830580.0,937397.0,105415.0,214550.0
40,445241.0,780804.0,389973.0,78677.0,471259.0,5206447.0,552279.0,102456.0,1884172.0,533698.0,3371966.0,778405.0,216753.0,584017.0,600512.0,3206063.0,182304.0,44286.0,80390.0,50236.0,1516737.0,1248411.0,174205.0,875439.0,987536.0,111773.0,227881.0
41,450109.0,848597.0,418323.0,85575.0,496074.0,5438968.0,572163.0,102083.0,1978068.0,552701.0,3567353.0,805184.0,231640.0,610947.0,633757.0,3359685.0,187286.0,47672.0,80985.0,51909.0,1618663.0,1343315.0,193655.0,923259.0,1033710.0,120667.0,243584.0
42,457361.0,884902.0,433904.0,82274.0,524584.0,5731006.0,597133.0,105918.0,2169652.0,557587.0,4153023.0,842174.0,246109.0,632057.0,707561.0,3545655.0,200036.0,56688.0,84441.0,49468.0,1722127.0,1382364.0,217839.0,921393.0,1105562.0,120322.0,250382.0
43,480575.0,929898.0,415924.0,90117.0,539969.0,6185318.0,632152.0,108946.0,2337466.0,577772.0,4351623.0,878633.0,263207.0,649143.0,765833.0,3818656.0,203276.0,56361.0,87461.0,55864.0,1780366.0,1489762.0,263887.0,926028.0,1160899.0,129722.0,262321.0
44,493143.0,951363.0,458175.0,93081.0,572742.0,6166487.0,647502.0,119079.0,2457526.0,589291.0,4284144.0,906160.0,274502.0,671445.0,773011.0,3993441.0,219574.0,58377.0,88397.0,56526.0,1846734.0,1607267.0,277789.0,1020834.0,1182183.0,132160.0,277975.0
45,497406.0,970916.0,474554.0,93656.0,578664.0,6219305.0,646363.0,111738.0,2564159.0,607697.0,4379515.0,933543.0,281119.0,680485.0,561410.0,4121329.0,218517.0,59438.0,88520.0,57249.0,1884080.0,1606759.0,311514.0,1014008.0,1218927.0,132443.0,288051.0
46,506601.0,1005399.0,466265.0,93765.0,580533.0,6340921.0,673674.0,115361.0,2683480.0,615402.0,4473254.0,974368.0,296053.0,695429.0,555752.0,4231603.0,218689.0,61439.0,84714.0,61082.0,1974625.0,1661735.0,355259.0,1071277.0,1250846.0,141135.0,296775.0
47,521238.0,1004551.0,464118.0,99435.0,577239.0,6451531.0,690049.0,122624.0,2763964.0,619580.0,4588110.0,1007154.0,292948.0,708648.0,600643.0,4360496.0,226493.0,61773.0,94607.0,60498.0,1958499.0,1717790.0,387158.0,1089118.0,1244652.0,144712.0,308479.0
48,518269.0,1025406.0,472142.0,100685.0,600557.0,6472195.0,699771.0,120944.0,2851995.0,616474.0,4646395.0,1013813.0,321161.0,748526.0,560865.0,4404451.0,231005.0,60429.0,93836.0,59823.0,2050703.0,1774543.0,438868.0,1081145.0,1308480.0,148471.0,311324.0
49,527870.0,1069353.0,494389.0,102421.0,624589.0,6645023.0,727231.0,121943.0,2972016.0,638380.0,4855220.0,1039872.0,335212.0,753341.0,600269.0,4520932.0,249778.0,69357.0,92351.0,62522.0,2204199.0,1823157.0,518539.0,1098430.0,1340298.0,145777.0,319475.0
50,530784.0,1077843.0,489760.0,103942.0,632334.0,6734811.0,730408.0,123837.0,3013052.0,650478.0,4889930.0,1068747.0,337114.0,762093.0,681564.0,4670975.0,247611.0,62753.0,92404.0,63973.0,2221343.0,1828539.0,564166.0,1106643.0,1328304.0,154990.0,318684.0
51,535799.0,1091022.0,494936.0,106651.0,637979.0,6747815.0,724244.0,121449.0,3071526.0,645797.0,4952087.0,1068164.0,358931.0,775551.0,699436.0,4760997.0,229082.0,64264.0,96167.0,65333.0,2275229.0,1907408.0,603502.0,1098509.0,1350831.0,153503.0,324465.0
52,542658.0,1100196.0,504944.0,112060.0,632609.0,6856831.0,709110.0,124103.0,3094562.0,647396.0,5075457.0,1108347.0,360572.0,797246.0,665965.0,4895298.0,236312.0,64739.0,94283.0,65403.0,1960402.0,1909357.0,627579.0,1128441.0,1347119.0,160258.0,330831.0
53,556603.0,1122731.0,496969.0,105030.0,633363.0,7027259.0,747159.0,119705.0,3188902.0,633139.0,5144141.0,1106773.0,368487.0,789296.0,736307.0,4974283.0,239328.0,66708.0,92934.0,69630.0,1905459.0,1913473.0,651391.0,1194261.0,1362004.0,170420.0,328346.0
54,549767.0,1134489.0,480138.0,112045.0,654844.0,6976071.0,735306.0,112565.0,3244912.0,660705.0,5248674.0,1151904.0,367904.0,825586.0,726275.0,5056358.0,240695.0,71105.0,96514.0,67735.0,2029182.0,1972631.0,682541.0,1179580.0,1354862.0,158166.0,335561.0
55,560295.0,1185557.0,506470.0,118973.0,660957.0,7106921.0,763594.0,122047.0,3322081.0,660081.0,5346973.0,1174565.0,383831.0,828013.0,735668.0,5298655.0,239149.0,69300.0,95259.0,66347.0,2056960.0,2037457.0,729976.0,1180099.0,1376448.0,170575.0,343571.0
56,556827.0,1184103.0,503907.0,116482.0,634537.0,7140825.0,777252.0,118686.0,3384339.0,670700.0,5412272.0,1162330.0,395064.0,818613.0,770961.0,5245288.0,238141.0,66625.0,94810.0,70824.0,2120448.0,2002624.0,746434.0,1268331.0,1381185.0,160202.0,339487.0
57,549391.0,1218590.0,510072.0,117503.0,634948.0,7087110.0,767273.0,116738.0,3375632.0,668749.0,5552803.0,1195305.0,407077.0,827711.0,774476.0,5388732.0,246452.0,73735.0,95164.0,72717.0,2185959.0,2021018.0,774593.0,1241768.0,1353182.0,164817.0,332729.0
58,556516.0,1227028.0,514997.0,111238.0,640004.0,7093964.0,784555.0,118907.0,3425200.0,661867.0,5741815.0,1224921.0,400023.0,836414.0,761412.0,5551166.0,253973.0,72274.0,94784.0,70786.0,2022691.0,2015207.0,813633.0,1281601.0,1346503.0,171665.0,337688.0
59,553523.0,1223964.0,521508.0,119619.0,661376.0,7231586.0,785221.0,113080.0,3451180.0,661843.0,5681243.0,1214440.0,409771.0,821520.0,732671.0,5652939.0,252634.0,71277.0,95375.0,78363.0,2020680.0,1964036.0,815084.0,1243006.0,1364817.0,167497.0,349891.0
60,555948.0,1234839.0,543937.0,122052.0,640916.0,7220795.0,779825.0,118079.0,3519755.0,665060.0,6040200.0,1223122.0,427436.0,856108.0,706997.0,5672404.0,248989.0,73053.0,96616.0,73757.0,2232912.0,1944665.0,848607.0,1242820.0,1353470.0,170083.0,346798.0
61,574489.0,1277254.0,519712.0,123109.0,659497.0,7562993.0,794774.0,121205.0,3564199.0,661805.0,5806456.0,1255988.0,430366.0,865197.0,734394.0,5794134.0,241194.0,73793.0,96616.0,80618.0,2304445.0,1954326.0,886234.0,1323811.0,1348741.0,171066.0,354037.0
62,590490.0,1273320.0,520916.0,114588.0,639762.0,7640057.0,786301.0,115304.0,3552372.0,651797.0,5687612.0,1215045.0,436244.0,840686.0,818365.0,5805247.0,250647.0,68946.0,94778.0,81039.0,1978001.0,1984736.0,910946.0,1282958.0,1387630.0,176516.0,351805.0
63,589623.0,1279383.0,553338.0,124257.0,656240.0,7766555.0,798468.0,118552.0,3567374.0,666786.0,5586618.0,1284400.0,446508.0,878864.0,800427.0,5956998.0,244612.0,70150.0,95688.0,79823.0,2180722.0,2011340.0,950976.0,1284701.0,1359541.0,175745.0,349760.0
64,592719.0,1291408.0,534968.0,131575.0,663689.0,7686836.0,809092.0,120039.0,3597827.0,668780.0,5757870.0,1282241.0,447281.0,889201.0,812056.0,6015755.0,242608.0,72954.0,95801.0,82353.0,2269350.0,2047844.0,967350.0,1269291.0,1382627.0,178066.0,359455.0
65,596723.0,1264355.0,535641.0,131156.0,658947.0,7674361.0,819878.0,113271.0,3672958.0,668344.0,5854031.0,1289185.0,450879.0,888900.0,827278.0,5942443.0,252505.0,75304.0,91792.0,82535.0,2271431.0,1963059.0,996801.0,1261600.0,1379183.0,178425.0,359719.0
66,577532.0,1272341.0,540091.0,132217.0,652454.0,7541856.0,827843.0,114198.0,3660459.0,674526.0,5914121.0,1328377.0,434314.0,886823.0,803952.0,6092820.0,246721.0,67049.0,88903.0,84532.0,2367081.0,1986228.0,991616.0,1349351.0,1395924.0,178520.0,348061.0
67,578601.0,1256073.0,544870.0,138497.0,648559.0,7653162.0,807202.0,119487.0,3543523.0,668387.0,5950973.0,1325272.0,443950.0,881141.0,744732.0,5999076.0,247620.0,70949.0,95185.0,81578.0,1949452.0,1986961.0,1024947.0,1287332.0,1383304.0,180455.0,356231.0
68,583236.0,1267813.0,535839.0,143828.0,639457.0,7513116.0,824586.0,117452.0,3724184.0,670953.0,5990309.0,1340336.0,455014.0,893752.0,739591.0,5891459.0,240685.0,73592.0,93871.0,89935.0,2122764.0,1986224.0,1034757.0,1281521.0,1382643.0,180445.0,364319.0
69,571165.0,1236667.0,541814.0,138239.0,661173.0,7644944.0,803349.0,113695.0,3731523.0,656645.0,6058545.0,1345427.0,469459.0,854594.0,749706.0,6068243.0,240329.0,74454.0,93848.0,81647.0,2295303.0,1977168.0,1016321.0,1266705.0,1374568.0,176903.0,359998.0
70,586214.0,1256444.0,529710.0,140130.0,657297.0,7462344.0,802271.0,119416.0,3646311.0,681004.0,6229195.0,1360185.0,454946.0,863014.0,821331.0,6247512.0,239039.0,71742.0,95334.0,83266.0,2323139.0,1915431.0,988353.0,1280263.0,1366390.0,183457.0,343056.0
71,583986.0,1241369.0,538182.0,141828.0,628826.0,7550840.0,782823.0,118161.0,3627372.0,667525.0,6237287.0,1417935.0,462514.0,854425.0,775661.0,6396226.0,230212.0,73663.0,89119.0,84922.0,2060168.0,1920401.0,1027943.0,1251501.0,1390827.0,184268.0,355544.0
72,564355.0,1220752.0,557053.0,145177.0,640807.0,7490802.0,812331.0,121581.0,3517391.0,684014.0,5993877.0,1403914.0,463172.0,863135.0,768293.0,6452960.0,238035.0,75347.0,90647.0,88944.0,1917378.0,1935537.0,982558.0,1282821.0,1395258.0,178742.0,340424.0
73,567309.0,1195406.0,544390.0,138021.0,652108.0,7520815.0,808600.0,118054.0,3420729.0,683921.0,6045375.0,1398469.0,457818.0,857515.0,814431.0,6708491.0,227871.0,74497.0,92502.0,90870.0,2157356.0,2011578.0,1004613.0,1310040.0,1401433.0,182266.0,343385.0
74,554289.0,1209009.0,547334.0,138426.0,619569.0,7394208.0,813733.0,119922.0,3437538.0,670712.0,5975007.0,1416532.0,472808.0,864328.0,827716.0,6602843.0,225130.0,71968.0,94593.0,90436.0,1898115.0,2001264.0,968041.0,1228815.0,1415327.0,181203.0,345921.0
75,556319.0,1194147.0,536100.0,140427.0,628656.0,7359865.0,810323.0,115810.0,3433832.0,681918.0,5797312.0,1400841.0,475855.0,879672.0,842304.0,6629530.0,239620.0,71946.0,95226.0,84295.0,2092201.0,1981556.0,995505.0,1252866.0,1414644.0,184572.0,339274.0
76,559916.0,1189671.0,552045.0,141961.0,603992.0,7368589.0,815391.0,114593.0,3430678.0,671528.0,5836357.0,1429298.0,468882.0,866284.0,856042.0,6622235.0,239311.0,69502.0,97509.0,89018.0,2184914.0,2003414.0,1026318.0,1265310.0,1394307.0,181477.0,345104.0
77,552450.0,1170448.0,530545.0,141619.0,625718.0,7301380.0,805858.0,119896.0,3418411.0,695714.0,5691474.0,1410117.0,451958.0,881394.0,892925.0,6521746.0,247394.0,73071.0,92359.0,91092.0,2210763.0,1996308.0,1061518.0,1255214.0,1407814.0,177343.0,340013.0
78,563673.0,1191111.0,553637.0,140810.0,600294.0,7184812.0,793730.0,117969.0,3434008.0,688718.0,5621081.0,1352586.0,447810.0,885188.0,893490.0,6545860.0,235278.0,72548.0,96040.0,89723.0,2252979.0,2015192.0,1079414.0,1212780.0,1389174.0,185016.0,341257.0
79,565578.0,1178883.0,554842.0,138333.0,606430.0,7266868.0,807021.0,117163.0,3496114.0,693334.0,5556749.0,1345916.0,443241.0,873859.0,883077.0,6463188.0,236746.0,66392.0,99551.0,86800.0,2260579.0,2016102.0,1164068.0,1169951.0,1379491.0,178002.0,332852.0
80,547737.0,1189512.0,543880.0,132978.0,600315.0,7283710.0,818612.0,113874.0,3454231.0,674628.0,5664666.0,1376303.0,447138.0,881671.0,797131.0,6238723.0,240836.0,70970.0,99407.0,87128.0,2145811.0,1965584.0,1181190.0,1218902.0,1403279.0,184689.0,350123.0
81,549162.0,1189890.0,538454.0,134960.0,600118.0,7199867.0,812579.0,116590.0,3521281.0,685749.0,5552844.0,1327354.0,435401.0,862912.0,879398.0,6283082.0,224662.0,70200.0,96252.0,91109.0,2263870.0,1945842.0,1163095.0,1239266.0,1381630.0,175034.0,327791.0
82,550614.0,1185914.0,549847.0,133560.0,613179.0,7318274.0,817449.0,118055.0,3657631.0,678451.0,5689706.0,1352061.0,430118.0,858532.0,920636.0,6177687.0,226873.0,71764.0,96931.0,82137.0,2302075.0,1896141.0,1179516.0,1150178.0,1407336.0,171241.0,313468.0
83,548816.0,1190569.0,536898.0,127213.0,607980.0,7292656.0,831841.0,115072.0,3744466.0,681374.0,5542775.0,1328524.0,422537.0,885456.0,913037.0,6055022.0,239344.0,67430.0,95794.0,89711.0,2291842.0,1948381.0,1144643.0,1171829.0,1418438.0,176271.0,331519.0
84,539913.0,1197609.0,535729.0,126581.0,590403.0,7119258.0,822263.0,117791.0,3681127.0,691652.0,5510218.0,1284662.0,416595.0,853281.0,902101.0,5988425.0,220980.0,70571.0,93640.0,86472.0,2380049.0,1919564.0,1131457.0,1179549.0,1408332.0,163276.0,313843.0
85,538967.0,1194552.0,535507.0,125941.0,588270.0,7215808.0,832457.0,109323.0,3764649.0,688109.0,5477382.0,1289800.0,414585.0,833868.0,851302.0,5942313.0,224177.0,70885.0,91972.0,84943.0,2025818.0,1919192.0,1111652.0,1099110.0,1426647.0,159002.0,320306.0
86,551644.0,1212022.0,536077.0,122754.0,572551.0,7313571.0,845291.0,111648.0,3798249.0,680857.0,5581918.0,1324347.0,403690.0,864543.0,744571.0,5982470.0,230046.0,69322.0,91093.0,93247.0,2294284.0,1862394.0,1114948.0,1107753.0,1446897.0,161880.0,318506.0
87,538938.0,1219291.0,534120.0,123780.0,594474.0,7309881.0,860733.0,115661.0,3739538.0,683564.0,5595441.0,1305639.0,398616.0,864013.0,906219.0,5906562.0,224934.0,63578.0,88224.0,88389.0,2448511.0,1822886.0,1095500.0,1120075.0,1460131.0,157713.0,312335.0
88,546876.0,1220297.0,516664.0,127205.0,584623.0,7268089.0,838317.0,115738.0,3661575.0,693104.0,5592733.0,1237934.0,412386.0,859181.0,800024.0,5871467.0,221764.0,72253.0,86989.0,87630.0,2151919.0,1860266.0,1072466.0,1133012.0,1466171.0,163054.0,318572.0
89,545571.0,1241127.0,504477.0,118448.0,558780.0,7361644.0,844381.0,111763.0,3656011.0,672410.0,5568753.0,1273337.0,380150.0,850949.0,825912.0,5768358.0,237089.0,67225.0,89434.0,86531.0,2295059.0,1859423.0,1059091.0,1108218.0,1452115.0,157749.0,313233.0
90,543225.0,1265013.0,503879.0,122822.0,579637.0,7422039.0,854687.0,115411.0,3645447.0,702131.0,5624573.0,1263756.0,418165.0,862148.0,840002.0,5910348.0,224874.0,67487.0,88873.0,85744.0,2073681.0,1832571.0,1053058.0,1095054.0,1480485.0,157918.0,316017.0
91,521992.0,1232333.0,502032.0,121525.0,573363.0,7323141.0,852705.0,110456.0,3595305.0,690834.0,5490716.0,1232352.0,389946.0,847846.0,836966.0,5873794.0,230406.0,65544.0,89715.0,87132.0,2163762.0,1881105.0,1036626.0,1093014.0,1463764.0,162052.0,312780.0
92,536862.0,1242901.0,501614.0,115356.0,586033.0,7384871.0,850388.0,112507.0,3560928.0,706420.0,5746006.0,1247088.0,399407.0,854864.0,889007.0,5910153.0,240561.0,62595.0,91114.0,82196.0,2256599.0,1878180.0,1032577.0,1093262.0,1458193.0,157891.0,311257.0
93,534545.0,1222152.0,500216.0,122483.0,595156.0,7439566.0,835499.0,119312.0,3644205.0,733053.0,4941064.0,1223474.0,397093.0,864210.0,916771.0,5905390.0,230030.0,64612.0,88422.0,82453.0,2075631.0,1881176.0,1027823.0,1103022.0,1449419.0,158302.0,324768.0
94,533386.0,1256542.0,499048.0,116741.0,585296.0,7402489.0,805992.0,115743.0,3592473.0,706760.0,5443835.0,1249296.0,385599.0,862519.0,819230.0,5924550.0,234090.0,63782.0,84317.0,85550.0,2134690.0,1879803.0,1025077.0,1107003.0,1443426.0,156210.0,317796.0
95,546056.0,1227752.0,494455.0,120577.0,570450.0,7541682.0,818449.0,116532.0,3515340.0,718586.0,5263760.0,1226728.0,395848.0,858384.0,859268.0,5891502.0,198991.0,61134.0,88025.0,88126.0,1994277.0,1858300.0,1017667.0,1077371.0,1457934.0,151399.0,315650.0
96,528981.0,1254441.0,497231.0,116199.0,577546.0,7350159.0,848414.0,116959.0,3537015.0,737266.0,5286716.0,1168693.0,386686.0,863011.0,877297.0,5903427.0,238497.0,60800.0,90484.0,83941.0,2101799.0,1889715.0,1021134.0,1031099.0,1456863.0,146896.0,288681.0
97,546812.0,1229702.0,489625.0,125041.0,604794.0,7270128.0,824199.0,122378.0,3533805.0,748596.0,6206736.0,1204449.0,381114.0,875625.0,919617.0,5937409.0,239896.0,57581.0,92269.0,85656.0,1867682.0,1989006.0,1041292.0,1109398.0,1446415.0,155123.0,322603.0
98,545691.0,1233077.0,494483.0,114648.0,579455.0,7240691.0,823231.0,122418.0,3534979.0,746980.0,6223232.0,1207620.0,386066.0,863753.0,796094.0,5920382.0,235569.0,61917.0,95494.0,84835.0,2045255.0,1903260.0,1048442.0,1081161.0,1458796.0,156763.0,319412.0
99,548154.0,1229109.0,496064.0,115892.0,599582.0,7326096.0,819502.0,121482.0,3484628.0,760514.0,5923925.0,1151100.0,381866.0,876348.0,847186.0,5819568.0,232194.0,56826.0,93591.0,82868.0,2127855.0,1907577.0,1039494.0,1092062.0,1478085.0,144317.0,321716.0
100,560104.0,1244912.0,505681.0,121249.0,596347.0,7351260.0,841813.0,118635.0,3565449.0,762531.0,6289269.0,1164132.0,367888.0,891290.0,877544.0,5831295.0,237261.0,56476.0,93703.0,83440.0,2200092.0,1920235.0,1051773.0,1093278.0,1480956.0,151497.0,317906.0
101,553291.0,1232137.0,506354.0,115934.0,619018.0,7316229.0,858732.0,124328.0,3487161.0,774279.0,5823138.0,1157629.0,382843.0,905470.0,913688.0,5834575.0,232592.0,57782.0,99580.0,83764.0,1954355.0,1987500.0,1050688.0,1143849.0,1517669.0,145342.0,333747.0
102,550475.0,1298391.0,510127.0,118259.0,642668.0,7253781.0,831973.0,122773.0,3395454.0,792041.0,6454861.0,1138296.0,367809.0,938595.0,847909.0,5818919.0,238100.0,56127.0,96214.0,89784.0,2186095.0,1952120.0,1076679.0,1155910.0,1541809.0,146245.0,332005.0
103,547678.0,1249086.0,474827.0,117439.0,613459.0,7244227.0,856973.0,127925.0,3305851.0,791582.0,6174938.0,1141471.0,375147.0,937188.0,935881.0,5833122.0,250925.0,61074.0,95223.0,86950.0,1997860.0,2045666.0,1070838.0,1059777.0,1518598.0,147181.0,350961.0
104,558418.0,1227088.0,522486.0,118126.0,664162.0,7282055.0,890585.0,130425.0,3387381.0,794072.0,6297054.0,1120879.0,371040.0,935019.0,807004.0,5764894.0,256562.0,60369.0,98106.0,86772.0,2190047.0,2039621.0,1051831.0,1143060.0,1573468.0,155473.0,348544.0
105,568532.0,1207376.0,483328.0,130369.0,665280.0,7680508.0,900580.0,128074.0,3340455.0,822377.0,6307078.0,1079190.0,369111.0,950545.0,865001.0,5732696.0,260992.0,59655.0,96728.0,84031.0,2242279.0,2019956.0,1070625.0,1149278.0,1577714.0,146840.0,358455.0
106,566155.0,1240251.0,502349.0,127493.0,689584.0,7661774.0,898860.0,127692.0,3350016.0,800218.0,6296986.0,1110680.0,365049.0,975499.0,900044.0,5631414.0,251217.0,58097.0,96886.0,80462.0,2225037.0,2052626.0,1096641.0,1125820.0,1567511.0,150358.0,363631.0
107,584769.0,1273643.0,542616.0,126820.0,711023.0,7728425.0,933031.0,126716.0,3334832.0,820472.0,6134513.0,1107327.0,356988.0,986314.0,826942.0,6004152.0,264181.0,59357.0,104097.0,80482.0,2150558.0,2068877.0,1121521.0,1130710.0,1607214.0,149856.0,361699.0
108,612481.0,1286723.0,536886.0,136771.0,710733.0,7982686.0,974896.0,132122.0,3294269.0,870554.0,6251998.0,1119908.0,355910.0,1009894.0,929823.0,5782480.0,249094.0,61836.0,104735.0,83241.0,2159678.0,2111828.0,1105847.0,1183872.0,1627470.0,156865.0,384637.0
109,628109.0,1313402.0,577152.0,136853.0,718785.0,8212748.0,925526.0,133219.0,3310747.0,840120.0,6169625.0,1151691.0,376075.0,1068093.0,967469.0,5823020.0,262307.0,65207.0,107600.0,82297.0,2175120.0,2205987.0,1171954.0,1136704.0,1614472.0,148959.0,398612.0
110,618594.0,1281895.0,635778.0,137461.0,764522.0,8096780.0,973586.0,143861.0,3270817.0,849664.0,6248579.0,1171855.0,366196.0,1078884.0,951834.0,5785054.0,253216.0,62951.0,111095.0,81219.0,2413105.0,2153512.0,1160299.0,1206244.0,1662632.0,157797.0,411963.0
111,605973.0,1300279.0,632660.0,136982.0,730405.0,8112135.0,964419.0,137956.0,3262084.0,868306.0,6191516.0,1186217.0,366293.0,1101004.0,920383.0,5743753.0,272397.0,60536.0,110007.0,84505.0,2332600.0,2312073.0,1143042.0,1363314.0,1700499.0,156225.0,406639.0
112,631472.0,1331180.0,634127.0,134186.0,761656.0,8299484.0,968070.0,135934.0,3253165.0,856760.0,6246051.0,1202928.0,371073.0,1139087.0,1001242.0,5819797.0,286509.0,64902.0,112471.0,82611.0,2058051.0,2371434.0,1151335.0,1352049.0,1717800.0,165371.0,408476.0
113,635390.0,1293873.0,656190.0,138691.0,784223.0,8484779.0,1026636.0,158139.0,3287652.0,878273.0,6260773.0,1185393.0,386293.0,1212283.0,881350.0,5843990.0,303850.0,64778.0,109999.0,83176.0,2179317.0,2416792.0,1173803.0,1403920.0,1830040.0,167450.0,431041.0
114,632299.0,1319352.0,658402.0,139879.0,799652.0,8341376.0,1014520.0,145091.0,3266369.0,896722.0,6499386.0,1213992.0,417177.0,1170716.0,843432.0,5833405.0,296205.0,57764.0,112612.0,87063.0,2331929.0,2363558.0,1177151.0,1374821.0,1763985.0,179176.0,456144.0
115,691971.0,1324612.0,659442.0,131943.0,848515.0,9086922.0,1035786.0,142977.0,3272340.0,872485.0,6410105.0,1226456.0,419837.0,1146612.0,904440.0,6002192.0,312802.0,63864.0,116809.0,85566.0,2472541.0,2654475.0,1185838.0,1465110.0,1785292.0,187698.0,459716.0
116,701459.0,1354271.5,698938.5,140178.5,849392.0,9083625.0,1029793.0,144859.5,3275675.0,860136.5,6371192.0,1266060.0,434695.5,1196475.0,896477.0,6005963.5,309312.0,65572.0,115806.0,85648.5,2325468.0,2810840.5,1185980.0,1487640.5,1835157.5,197503.0,472779.5
117,710947.0,1383931.0,738435.0,148414.0,850269.0,9080328.0,1023800.0,146742.0,3279010.0,847788.0,6332279.0,1305664.0,449554.0,1246338.0,888514.0,6009735.0,305822.0,67280.0,114803.0,85731.0,2178395.0,2967206.0,1186122.0,1510171.0,1885023.0,207308.0,485843.0
118,733595.0,1347007.0,700870.0,138715.0,842065.0,9373814.0,1051453.0,154260.0,3309566.0,845273.0,6742845.0,1291838.0,464732.0,1276163.0,841183.0,6129945.0,319898.0,67281.0,118646.0,85531.0,2397238.0,3052672.0,1218088.0,1508385.0,1876689.0,213213.0,469306.0
119,720840.5,1360290.5,684099.0,137184.0,842861.5,9310636.0,1053436.5,151062.0,3360199.5,829185.5,6741075.0,1280487.0,474813.5,1245972.5,862658.0,6034507.5,318330.0,67161.0,119506.5,85642.0,2259087.0,2939879.5,1243336.5,1552654.5,1896555.5,221102.0,491920.5
120,708086.0,1373574.0,667328.0,135653.0,843658.0,9247458.0,1055420.0,147864.0,3410833.0,813098.0,6739305.0,1269136.0,484895.0,1215782.0,884133.0,5939070.0,316762.0,67041.0,120367.0,85753.0,2120936.0,2827087.0,1268585.0,1596924.0,1916422.0,228991.0,514535.0
121,693236.0,1364178.0,656462.0,133624.0,815054.0,9121223.0,1083641.0,145988.0,3467822.0,772698.0,6888821.0,1311263.0,476391.0,1179537.0,911900.0,6162655.0,311531.0,67638.0,112543.0,85671.0,2082631.0,2909698.0,1321205.0,1443201.0,1914220.0,232697.0,493194.0
122,692301.0,1465742.0,697275.0,142992.0,826329.0,9035881.0,1105466.0,145137.0,3489890.0,718560.0,6849647.0,1315652.0,482064.0,1125822.0,933760.0,6044754.0,292875.0,70721.0,106942.0,87476.0,2196877.0,2875613.0,1385062.0,1413143.0,1993426.0,225275.0,479836.0
123,658093.0,1414361.0,611125.0,132176.0,775146.0,8907118.0,1089082.0,122181.0,3586648.0,659563.0,6936880.0,1368017.0,460133.0,1011530.0,1075280.0,5984344.0,260061.0,70938.0,100189.0,82032.0,2170265.0,2600502.0,1422614.0,1250289.0,1841443.0,210893.0,433090.0
124,637614.5,1409614.0,569934.5,127992.0,730968.0,8659130.5,1048039.0,121369.0,3680418.5,621121.5,6743216.0,1356937.5,477517.5,950927.0,1064268.5,5820796.0,246523.0,69727.0,95289.0,79668.0,2136703.0,2595556.5,1458471.5,1160226.5,1825032.0,202799.5,407679.5
125,617136.0,1404867.0,528744.0,123808.0,686790.0,8411143.0,1006996.0,120557.0,3774189.0,582680.0,6549552.0,1345858.0,494902.0,890324.0,1053257.0,5657248.0,232985.0,68516.0,90389.0,77304.0,2103141.0,2590611.0,1494329.0,1070164.0,1808621.0,194706.0,382269.0
126,572835.0,1367352.0,545632.0,125655.0,688048.0,7865856.0,940871.0,108014.0,3792059.0,539058.0,6289576.0,1297495.0,489984.0,830800.0,1093858.0,5639970.0,212718.0,67342.0,84689.0,78941.0,2037284.0,2478306.0,1542736.0,1170281.0,1674157.0,185475.0,375622.0
127,539734.0,1309048.0,487998.0,119331.0,599436.0,7502158.0,909217.0,100612.0,3883533.0,496622.0,6102856.0,1336594.0,515077.0,758419.0,1140517.0,5514503.0,203206.0,63218.0,76164.0,74167.0,2001432.0,2244911.0,1543421.0,997279.0,1682002.0,181743.0,347073.0
128,501021.0,1231623.0,458477.0,103816.0,560975.0,6868763.0,864905.0,89202.0,3726382.0,451082.0,5841822.0,1267338.0,477332.0,700078.0,1163790.0,5413070.0,173938.0,60904.0,71980.0,72719.0,1931727.0,2088343.0,1475077.0,900924.0,1570306.0,164936.0,323812.0
129,457189.0,1171817.0,437258.0,100361.0,479470.0,6447206.0,801538.0,83202.0,3814591.0,423740.0,5627357.0,1204918.0,448741.0,650912.0,1102683.0,5223602.0,167758.0,56271.0,65596.0,70083.0,2169038.0,1968857.0,1531619.0,829504.0,1513314.0,156258.0,298810.0
130,432499.0,1084133.0,377230.0,103278.0,467229.0,5964771.0,752204.0,72050.0,3760212.0,399690.0,5256717.0,1129763.0,440604.0,576953.0,1116689.0,5067834.0,143286.0,55996.0,63270.0,63478.0,2092297.0,1803932.0,1566625.0,730648.0,1409134.0,140398.0,284034.0
131,408530.0,1014976.5,356116.5,98285.0,425537.0,5683482.0,729341.0,64802.0,3651597.5,368984.0,4974302.5,1079514.0,428210.5,529803.5,1094721.5,4887067.0,129422.5,52603.5,55756.0,60884.5,2032133.5,1680697.0,1521311.5,684254.5,1339765.0,130598.5,258338.5
132,384561.0,945820.0,335003.0,93292.0,383845.0,5402193.0,706478.0,57554.0,3542983.0,338278.0,4691888.0,1029265.0,415817.0,482654.0,1072754.0,4706300.0,115559.0,49211.0,48242.0,58291.0,1971970.0,1557462.0,1475998.0,637861.0,1270396.0,120799.0,232643.0
133,342456.0,894062.0,287143.0,82339.0,335847.0,4897659.0,630611.0,56635.0,3412972.0,306078.0,4619495.0,936543.0,380927.0,430030.0,1026651.0,4367930.0,108225.0,46520.0,44182.0,52749.0,1955217.0,1398692.0,1498949.0,601237.0,1154275.0,114312.0,210670.0
134,319589.0,831200.0,274984.0,71784.0,310112.0,4454772.0,596581.0,48312.0,3237248.0,299926.0,4201225.0,890386.0,344508.0,395959.0,945959.0,4160648.0,95368.0,41648.0,39359.0,50021.0,1878115.0,1231887.0,1442471.0,548617.0,1106700.0,98049.0,181651.0
135,284295.0,753473.0,237740.0,69241.0,284189.0,4090809.0,541909.0,40590.0,3081414.0,272624.0,3964543.0,815719.0,335170.0,327383.0,854896.0,3916483.0,81835.0,38905.0,36457.0,46672.0,1557530.0,1099450.0,1320904.0,445259.0,1011295.0,89073.0,157456.0
136,268321.0,701756.0,209237.0,67091.0,249388.0,3782612.0,496729.0,39362.0,2895254.0,242343.0,3701342.0,813390.0,293353.0,294897.0,895680.0,3619561.0,71561.0,38479.0,32443.0,43872.0,1527983.0,956493.0,1414828.0,420910.0,922675.0,75992.0,129239.0
137,238506.0,657429.0,193497.0,63655.0,235290.0,3466163.0,454893.0,37979.0,2769399.0,229616.0,3499754.0,716897.0,281584.0,267495.0,854293.0,3392421.0,62102.0,31941.0,29443.0,42401.0,1572456.0,848801.0,1380292.0,389152.0,860112.0,71724.0,125108.0
138,215824.0,609157.0,178450.0,59479.0,198551.0,3273140.0,435374.0,33674.0,2568310.0,213390.0,3287033.0,651600.0,250312.0,236979.0,761076.0,3173445.0,56223.0,31152.0,27943.0,39268.0,1131574.0,771518.0,1261855.0,339275.0,810044.0,66610.0,102123.0
139,209504.0,547295.0,161667.0,53848.0,177031.0,3003542.0,394791.0,31280.0,2327116.0,207991.0,3105972.0,667173.0,215878.0,209660.0,764074.0,2878059.0,54373.0,29240.0,23996.0,34907.0,1250084.0,717765.0,1233411.0,316587.0,746645.0,59111.0,91486.0
140,185386.0,499786.0,147749.0,52354.0,156169.0,2738039.0,359834.0,29143.0,2125080.0,186096.0,2806692.0,600778.0,201410.0,190935.0,692622.0,2661319.0,45898.0,25613.0,21211.0,31375.0,1315237.0,597463.0,1158775.0,288447.0,688947.0,52936.0,79786.0
141,168798.0,478385.0,140213.0,47762.0,143298.0,2534417.0,327260.0,26133.0,1938525.0,173473.0,2643593.0,565548.0,185748.0,169773.0,639359.0,2436840.0,39211.0,25267.0,19720.0,28845.0,1276444.0,549322.0,1105845.0,270613.0,641508.0,48997.0,73715.0
142,152814.0,431024.0,126364.0,46877.0,131953.0,2347093.0,310245.0,25903.0,1786432.0,166700.0,2428262.0,500852.0,167102.0,156833.0,606707.0,2254663.0,34942.0,22480.0,18631.0,26735.0,882978.0,505075.0,1043163.0,245939.0,586765.0,43314.0,66276.0
143,138255.0,398800.0,116335.0,43441.0,124025.0,2154653.0,292473.0,21081.0,1686762.0,156289.0,2336892.0,449324.0,151373.0,136275.0,574731.0,2008324.0,32274.0,19718.0,15505.0,25472.0,1038973.0,464801.0,999842.0,214586.0,561566.0,41246.0,56838.0
