,AD,AL,AM,AT,BA,BE,BG,BY,CH,CY,CZ,DE,DK,EE,ES,FI,FO,FR,GB,GE,GI,GR,HR,HU,IE,IS,IT,LI,LT,LU,LV,MC,MD,MK,MT,NL,NO,PL,PT,RO,RU,SE,SI,SK,SM,TR,UA,VA
0,3945.0,112549.0,9037.0,138106.0,146452.0,383164.0,102729.0,19870.0,278988.0,40272.0,105149.0,1993965.0,271162.0,20857.0,1656900.0,146766.0,9491.0,2149943.0,5097320.0,29720.0,3043.0,428677.0,142786.0,126753.0,557974.0,197321.0,1898453.0,741.0,29573.0,19720.0,15659.0,1765.0,8483.0,199142.0,19351.0,1132031.0,350164.0,397857.0,965330.0,203598.0,384751.0,508911.0,36686.0,47993.0,429.0,2933149.0,88181.0,2.0
1,3737.0,106183.0,8985.0,123128.0,134904.0,343824.0,91978.0,18297.0,257497.0,35339.0,97687.0,1889238.0,243119.0,18944.0,1476643.0,143878.0,9203.0,2005321.0,4695748.0,25527.0,3361.0,390268.0,128017.0,114937.0,537507.0,189432.0,1692205.0,971.0,26902.0,18295.0,13820.0,1551.0,7712.0,186818.0,18724.0,1075593.0,320341.0,356979.0,895646.0,176255.0,377760.0,479047.0,33975.0,46909.0,392.0,2711507.0,83103.0,43.0
2,2782.0,95488.0,6683.0,113447.0,123394.0,312066.0,84657.0,17322.0,239509.0,33236.0,89896.0,1731264.0,216791.0,18213.0,1365602.0,127009.0,7703.0,1851847.0,4297663.0,20624.0,3208.0,354266.0,116259.0,104778.0,504141.0,176313.0,1534988.0,707.0,23024.0,15610.0,14891.0,1353.0,6227.0,170842.0,16276.0,1035182.0,288146.0,330500.0,791110.0,168362.0,374061.0,442095.0,31261.0,42082.0,497.0,2535472.0,75663.0,14.0
3,2693.0,83575.0,7214.0,109262.0,110225.0,295112.0,78071.0,15717.0,227154.0,32782.0,84636.0,1577483.0,207746.0,14410.0,1208474.0,121790.0,6652.0,1723272.0,3899168.0,23259.0,2122.0,328173.0,105475.0,94549.0,456140.0,168963.0,1389275.0,613.0,20504.0,13057.0,12868.0,1382.0,6098.0,157928.0,15120.0,952330.0,266895.0,302291.0,753015.0,149429.0,363960.0,407179.0,26954.0,37511.0,312.0,2349695.0,71195.0,2.0
4,2468.0,82671.0,6207.0,97026.0,96089.0,276359.0,69785.0,14172.0,213480.0,31515.0,74020.0,1482537.0,199283.0,15404.0,1106786.0,121441.0,5861.0,1633094.0,3595236.0,19885.0,2244.0,284616.0,91528.0,85500.0,478249.0,167910.0,1231559.0,596.0,19221.0,13833.0,10872.0,1627.0,5881.0,147029.0,16200.0,770254.0,257701.0,257440.0,702846.0,139027.0,360385.0,378672.0,27152.0,32547.0,435.0,2442356.0,68600.0,47.0
5,2642.0,77213.0,5390.0,94680.0,83521.0,262368.0,66659.0,13061.0,203320.0,27753.0,72228.0,1399674.0,186410.0,13025.0,1006734.0,120372.0,6340.0,1528621.0,3418947.0,18637.0,2462.0,283454.0,85395.0,78120.0,475473.0,160849.0,1131152.0,508.0,17923.0,13087.0,10732.0,1164.0,5114.0,141450.0,13139.0,721295.0,231061.0,247462.0,657464.0,124671.0,359868.0,359206.0,22699.0,27740.0,167.0,2430253.0,64048.0,1.0
6,2036.0,75008.0,5525.0,84296.0,77330.0,242955.0,61574.0,12727.0,190695.0,27311.0,63033.0,1322381.0,179117.0,11610.0,921399.0,114081.0,6679.0,1461564.0,3171818.0,17395.0,2274.0,255627.0,75575.0,73876.0,480503.0,152037.0,1029920.0,586.0,14970.0,13121.0,9942.0,1707.0,5296.0,137405.0,12212.0,691744.0,221549.0,225993.0,590327.0,115447.0,367965.0,339212.0,22002.0,26094.0,230.0,2394945.0,59286.0,4.0
7,1825.0,68164.0,4839.0,84502.0,71368.0,226530.0,60125.0,12507.0,181984.0,23231.0,62903.0,1283351.0,170345.0,13019.0,840364.0,106880.0,5295.0,1385436.0,3044379.0,15432.0,1725.0,222568.0,66242.0,72161.0,452628.0,144388.0,960526.0,587.0,14818.0,12906.0,9079.0,2630.0,4550.0,126929.0,11390.0,677490.0,216805.0,206906.0,540387.0,105715.0,376784.0,314215.0,22479.0,23486.0,406.0,2252326.0,53701.0,2.0
8,1818.0,63122.0,4077.0,78732.0,64574.0,208949.0,54155.0,11883.0,171875.0,22118.0,58754.0,1209732.0,160147.0,11719.0,763341.0,112606.0,5366.0,1301766.0,2825891.0,13315.0,1994.0,225716.0,61096.0,65687.0,384753.0,137975.0,877588.0,630.0,13480.0,12807.0,8342.0,1300.0,4061.0,121293.0,10739.0,731849.0,201426.0,200059.0,483686.0,101712.0,386225.0,304980.0,20485.0,21652.0,148.0,2077538.0,51413.0,2.0
9,1488.0,60134.0,4165.0,73414.0,61548.0,209795.0,51758.0,12483.0,160471.0,20778.0,57365.0,1150170.0,151990.0,10935.0,714225.0,109191.0,5225.0,1239814.0,2590942.0,11332.0,1593.0,205642.0,56704.0,60830.0,362142.0,133116.0,818313.0,486.0,11970.0,10978.0,8549.0,1194.0,3914.0,109795.0,10244.0,734755.0,183152.0,185763.0,449487.0,92446.0,388925.0,285778.0,19495.0,23000.0,205.0,1927541.0,48863.0,3.0
10,1133.0,52785.0,4293.0,72955.0,52917.0,191659.0,51877.0,10147.0,157174.0,21238.0,53306.0,1090598.0,145014.0,10502.0,645613.0,111186.0,4324.0,1160790.0,2422263.0,12021.0,1276.0,184025.0,47474.0,58799.0,371146.0,126024.0,748297.0,304.0,12191.0,10448.0,8125.0,1588.0,3895.0,98942.0,8342.0,709155.0,174503.0,179072.0,413149.0,84265.0,398708.0,270751.0,15677.0,19440.0,199.0,1727130.0,48134.0,30.0
11,1409.0,44184.0,3678.0,69473.0,46813.0,182889.0,51133.0,10050.0,144360.0,18670.0,50155.0,1032623.0,134141.0,9774.0,610863.0,107164.0,3692.0,1124038.0,2263196.0,10566.0,1431.0,171543.0,43441.0,56540.0,359252.0,117785.0,687053.0,442.0,11505.0,11200.0,7684.0,1063.0,3605.0,87039.0,8536.0,691849.0,161131.0,157239.0,355596.0,87455.0,410030.0,255343.0,16636.0,19499.0,157.0,1488544.0,46877.0,10.0
12,1194.0,40346.0,3744.0,68646.0,42420.0,172822.0,47801.0,9468.0,142805.0,16930.0,48672.0,1004385.0,129895.0,9210.0,569710.0,111209.0,4093.0,1071705.0,2147205.0,10475.0,1270.0,165520.0,39915.0,55210.0,330457.0,110609.0,632828.0,335.0,11901.0,8907.0,7968.0,977.0,3671.0,83272.0,7849.0,680931.0,164287.0,145988.0,336925.0,78491.0,442693.0,242667.0,16268.0,18948.0,116.0,1309216.0,46622.0,3.0
13,1014.0,35517.0,3637.0,65884.0,39840.0,163162.0,46002.0,9862.0,137089.0,16436.0,51079.0,1007296.0,128804.0,9239.0,524773.0,119123.0,3658.0,1008903.0,2030516.0,11905.0,994.0,157520.0,38785.0,60464.0,334211.0,102979.0,584202.0,535.0,12282.0,8926.0,7346.0,766.0,3576.0,77179.0,7969.0,681794.0,153936.0,135752.0,301697.0,79493.0,489289.0,227055.0,13642.0,17309.0,248.0,1162350.0,49210.0,8.0
14,633.0,32211.0,4776.0,63422.0,35475.0,157339.0,44833.0,10032.0,134561.0,16765.0,52489.0,996316.0,120670.0,10481.0,491851.0,118058.0,3473.0,1010373.0,1943817.0,12881.0,1147.0,149940.0,34207.0,64227.0,285165.0,101096.0,561698.0,261.0,13056.0,10201.0,8503.0,1245.0,3259.0,72334.0,6945.0,675448.0,143084.0,149251.0,280444.0,80074.0,501055.0,216624.0,14274.0,18395.0,170.0,1064591.0,51093.0,1.0
15,683.0,29297.0,4156.0,64353.0,29981.0,156777.0,44461.0,10609.0,122217.0,13923.0,52839.0,988300.0,114183.0,11230.0,461856.0,125239.0,2293.0,980591.0,1897705.0,13077.0,1063.0,137981.0,34251.0,64051.0,273637.0,97390.0,533842.0,266.0,13454.0,8848.0,8169.0,1066.0,3215.0,64433.0,7282.0,663105.0,136022.0,140562.0,243420.0,80075.0,533393.0,213495.0,13151.0,17619.0,103.0,977870.0,51604.0,14.0
16,1118.0,26045.0,4864.0,63258.0,25779.0,142344.0,50056.0,13489.0,123332.0,15052.0,55997.0,980711.0,113266.0,10062.0,440330.0,127844.0,1832.0,963365.0,1809943.0,13684.0,1232.0,133313.0,31078.0,70693.0,261260.0,92815.0,516169.0,349.0,13282.0,8377.0,8623.0,808.0,3305.0,61570.0,6605.0,659374.0,131270.0,140010.0,222572.0,84816.0,564357.0,205565.0,12801.0,20084.0,123.0,881852.0,56950.0,9.0
17,945.0,24170.0,6579.0,67002.0,24935.0,149079.0,54039.0,11622.0,117578.0,14637.0,58149.0,1000675.0,112434.0,11763.0,417607.0,138509.0,2548.0,953662.0,1763014.0,14144.0,911.0,134989.0,29968.0,74337.0,268865.0,94395.0,508840.0,277.0,16509.0,8457.0,10194.0,840.0,3710.0,54108.0,7931.0,626979.0,135976.0,142701.0,194410.0,89686.0,612819.0,205919.0,14123.0,20273.0,99.0,796119.0,59614.0,5.0
18,782.0,21007.0,7127.0,68743.0,21220.0,143160.0,52493.0,12441.0,117089.0,15844.0,62044.0,1017921.0,113355.0,11076.0,409254.0,147509.0,1893.0,917742.0,1711662.0,15259.0,816.0,132839.0,30293.0,77656.0,257802.0,97082.0,512052.0,249.0,16044.0,8362.0,10825.0,921.0,4188.0,52995.0,8147.0,621622.0,128491.0,152700.0,186430.0,96476.0,631119.0,212427.0,14049.0,19593.0,152.0,798814.0,62698.0,7.0
19,796.0,19514.0,7261.0,74436.0,20285.0,146188.0,65922.0,13930.0,118440.0,16571.0,67891.0,1081893.0,118138.0,14403.0,406114.0,156460.0,2089.0,947580.0,1653714.0,17257.0,1020.0,137709.0,32904.0,88745.0,265925.0,95513.0,518824.0,325.0,20544.0,8577.0,12275.0,1250.0,4901.0,45476.0,7868.0,602864.0,128634.0,168520.0,170121.0,113383.0,689488.0,219969.0,14978.0,24717.0,133.0,731691.0,72767.0,3.0
20,1164.0,16773.0,10125.0,82073.0,17661.0,152802.0,80657.0,15744.0,113925.0,19812.0,74335.0,1121972.0,124837.0,15188.0,393404.0,171921.0,1572.0,926075.0,1583309.0,19110.0,669.0,148806.0,33550.0,101593.0,275286.0,94504.0,507776.0,626.0,24912.0,9592.0,14111.0,987.0,6316.0,36807.0,8955.0,677909.0,125969.0,178898.0,153064.0,129880.0,722447.0,232622.0,16911.0,27868.0,190.0,662554.0,79818.0,4.0
21,476.0,15898.0,10923.0,84487.0,16159.0,148848.0,81000.0,17508.0,116900.0,20159.0,78126.0,1164547.0,127510.0,17062.0,380432.0,174666.0,1622.0,922779.0,1577680.0,21983.0,800.0,145441.0,31776.0,108941.0,301061.0,93423.0,512337.0,599.0,26429.0,8710.0,14343.0,635.0,5348.0,35393.0,8390.0,626350.0,130629.0,201495.0,146964.0,137516.0,741284.0,230665.0,16074.0,28173.0,215.0,659526.0,82890.0,11.0
22,508.0,16482.0,12277.0,92001.0,17435.0,155812.0,97950.0,19044.0,118851.0,23853.0,86637.0,1251879.0,142295.0,18574.0,384806.0,179000.0,1535.0,921368.0,1613810.0,24597.0,1090.0,150467.0,35013.0,125095.0,367161.0,103177.0,522257.0,457.0,29227.0,8224.0,16007.0,808.0,6340.0,30928.0,9532.0,757201.0,131748.0,204005.0,138554.0,160432.0,794945.0,251585.0,19485.0,31327.0,132.0,650905.0,91929.0,10.0
23,449.0,15591.0,13413.0,103647.0,19384.0,164023.0,110096.0,22175.0,122654.0,24112.0,94132.0,1345757.0,147915.0,21346.0,386342.0,189658.0,1038.0,944023.0,1566113.0,28966.0,984.0,168406.0,38244.0,144120.0,351626.0,98672.0,541064.0,316.0,34545.0,10614.0,18515.0,587.0,6920.0,29772.0,10308.0,794361.0,134881.0,234410.0,122964.0,183351.0,846666.0,261154.0,20251.0,36956.0,221.0,659296.0,104965.0,8.0
24,723.0,17580.0,15247.0,114890.0,20243.0,192937.0,118485.0,23444.0,129811.0,25181.0,108836.0,1499615.0,159952.0,24533.0,392385.0,209942.0,1422.0,994745.0,1559215.0,32286.0,944.0,178634.0,43963.0,165506.0,396970.0,104393.0,609413.0,507.0,39256.0,11500.0,20809.0,759.0,7931.0,31336.0,11660.0,690866.0,149451.0,263155.0,118031.0,199466.0,915009.0,288277.0,24700.0,44785.0,124.0,684314.0,112685.0,2.0
25,700.0,16760.0,18217.0,135567.0,20984.0,200210.0,131375.0,25327.0,135701.0,30343.0,126117.0,1716944.0,176572.0,26042.0,425941.0,220687.0,1405.0,1070804.0,1643176.0,35694.0,622.0,206040.0,49826.0,188852.0,386516.0,104147.0,677585.0,578.0,48971.0,12753.0,21689.0,1047.0,9197.0,29410.0,14624.0,738087.0,159591.0,288205.0,109190.0,231103.0,983830.0,319091.0,26376.0,52780.0,232.0,713456.0,129301.0,111.0
26,639.0,15690.0,19726.0,153001.0,23140.0,216637.0,148272.0,27768.0,139403.0,35300.0,143147.0,1916410.0,187553.0,30346.0,441666.0,239495.0,915.0,1127905.0,1706144.0,40035.0,1120.0,237912.0,54786.0,210182.0,362182.0,104178.0,750697.0,803.0,52700.0,12865.0,25303.0,1116.0,10643.0,28147.0,14683.0,766211.0,175007.0,329084.0,100692.0,264017.0,1013500.0,348530.0,30030.0,59417.0,160.0,771799.0,139890.0,15.0
27,818.0,18061.0,24094.0,170776.0,24196.0,234886.0,157938.0,34149.0,155321.0,34343.0,158938.0,2093887.0,205659.0,31586.0,467001.0,265335.0,1200.0,1231840.0,1786990.0,44683.0,1260.0,257348.0,59621.0,227924.0,279493.0,118436.0,848671.0,653.0,59480.0,16459.0,26971.0,873.0,12524.0,28734.0,18774.0,723754.0,184134.0,365911.0,96529.0,292141.0,1068584.0,367576.0,34148.0,68336.0,297.0,825830.0,149248.0,34.0
28,1279.0,15971.0,24060.0,183720.0,21982.0,264138.0,163086.0,29785.0,168969.0,32994.0,183550.0,2269820.0,222776.0,36074.0,497495.0,283767.0,1079.0,1302754.0,1938034.0,47091.0,801.0,204971.0,54650.0,255215.0,351687.0,120198.0,585458.0,818.0,69763.0,18050.0,28149.0,1012.0,13320.0,30130.0,21068.0,760279.0,197728.0,400103.0,91150.0,330149.0,1070536.0,382625.0,37864.0,78919.0,209.0,866452.0,161048.0,10.0
29,1375.0,21696.0,27333.0,212040.0,30835.0,298152.0,188630.0,37603.0,181809.0,40912.0,202743.0,2538038.0,239971.0,42935.0,554884.0,300928.0,1607.0,1472825.0,2083911.0,55334.0,1170.0,312294.0,73123.0,272322.0,346792.0,121962.0,1065404.0,1197.0,75069.0,18183.0,30764.0,1287.0,15240.0,31964.0,22583.0,870197.0,211194.0,451932.0,86374.0,375566.0,1189443.0,422889.0,42894.0,88551.0,231.0,1036568.0,183731.0,7.0
30,1801.0,24920.0,32683.0,231080.0,39430.0,324192.0,210993.0,44459.0,189698.0,43615.0,222920.0,2764191.0,255291.0,47664.0,610927.0,334672.0,972.0,1637073.0,2288556.0,59306.0,915.0,349603.0,84031.0,301636.0,374316.0,122025.0,1203002.0,1199.0,95051.0,20358.0,35355.0,1584.0,19705.0,33876.0,23934.0,899666.0,231034.0,510778.0,83082.0,425869.0,1255382.0,460998.0,50440.0,97942.0,513.0,1195779.0,207741.0,13.0
31,1848.0,30701.0,38991.0,259408.0,44838.0,369975.0,236830.0,53576.0,221756.0,50218.0,255906.0,3074475.0,285178.0,54205.0,732552.0,351755.0,1232.0,1826074.0,2616653.0,73182.0,1730.0,395849.0,100964.0,338654.0,371129.0,126441.0,1401912.0,2380.0,106788.0,25454.0,43333.0,1477.0,24113.0,39981.0,26659.0,1015979.0,255514.0,618219.0,85258.0,475582.0,1337685.0,504895.0,59751.0,115657.0,472.0,1453640.0,238322.0,44.0
32,1354.0,34035.0,44673.0,279003.0,50546.0,415810.0,258140.0,55282.0,226007.0,57911.0,274888.0,3334756.0,308298.0,59082.0,790524.0,383212.0,1713.0,1992740.0,2827365.0,79242.0,1670.0,420908.0,108681.0,366681.0,278606.0,141559.0,1571773.0,2027.0,114987.0,24272.0,47689.0,2320.0,25209.0,42013.0,31110.0,1101518.0,280310.0,668908.0,89548.0,540577.0,1391783.0,551713.0,61953.0,126008.0,768.0,1689818.0,256103.0,23.0
33,1813.0,39632.66666666666,47356.0,302613.6666666667,55992.66666666666,461139.0,277749.3333333333,60760.333333333336,249307.66666666663,60982.333333333336,300154.3333333333,3556153.333333333,335466.0,63198.0,890215.3333333334,404392.3333333333,1601.6666666666667,2140195.333333333,3235471.6666666665,88628.66666666667,1984.0,467028.3333333333,120084.66666666669,397564.3333333333,290769.0,145111.0,1739419.3333333333,2211.333333333333,122780.0,27671.33333333333,52749.333333333336,2447.0,27219.33333333333,45005.333333333336,33376.0,1099893.3333333333,298926.3333333333,735904.3333333334,93502.66666666669,583398.0,1425915.6666666667,598280.0,68095.0,138738.33333333334,725.3333333333334,1930026.6666666667,275413.6666666667,62.0
34,2272.0,45230.333333333336,50039.0,326224.3333333333,61439.333333333336,506468.0,297358.6666666667,66238.66666666667,272608.3333333333,64053.66666666666,325420.6666666667,3777550.6666666665,362634.0,67314.0,989906.6666666666,425572.6666666667,1490.3333333333333,2287650.6666666665,3643578.3333333335,98015.33333333331,2298.0,513148.6666666667,131488.33333333334,428447.6666666667,302932.0,148663.0,1907065.6666666667,2395.6666666666665,130573.0,31070.666666666668,57809.66666666666,2574.0,29229.666666666668,47997.66666666666,35642.0,1098268.6666666667,317542.6666666667,802900.6666666666,97457.33333333331,626219.0,1460048.3333333333,644847.0,74237.0,151468.66666666666,682.6666666666666,2170235.333333333,294724.3333333333,101.0
35,2731.0,50828.0,52722.0,349835.0,66886.0,551797.0,316968.0,71717.0,295909.0,67125.0,350687.0,3998948.0,389802.0,71430.0,1089598.0,446753.0,1379.0,2435106.0,4051685.0,107402.0,2612.0,559269.0,142892.0,459331.0,315095.0,152215.0,2074712.0,2580.0,138366.0,34470.0,62870.0,2701.0,31240.0,50990.0,37908.0,1096644.0,336159.0,869897.0,101412.0,669040.0,1494181.0,691414.0,80379.0,164199.0,640.0,2410444.0,314035.0,140.0
36,3688.0,57329.0,58750.0,375959.0,76668.0,598204.0,340981.0,76454.0,324763.0,71700.0,384196.0,4265209.0,424242.0,80624.0,1237316.0,461467.0,1720.0,2610786.0,4430182.0,120722.0,2784.0,600394.0,155716.0,484903.0,377061.0,152483.0,2304501.0,2516.0,141624.0,38184.0,64135.0,2586.0,33739.0,55265.0,40802.0,1186900.0,374240.0,979424.0,110293.0,703606.0,1540665.0,747074.0,86003.0,182269.0,833.0,2642829.0,349049.0,290.0
37,3930.0,71791.0,65947.0,399036.0,90170.0,661593.0,371524.0,81867.0,349667.0,74845.0,406682.0,4599534.0,462499.0,88424.0,1474845.0,493596.0,1519.0,2856734.0,4810731.0,132173.0,4135.0,646379.0,182967.0,527153.0,395956.0,160383.0,2541398.0,2498.0,159822.0,40600.0,72959.0,3341.0,37185.0,65660.0,45846.0,1247588.0,410462.0,1104401.0,127454.0,754872.0,1605253.0,818688.0,97678.0,197561.0,1131.0,2845080.0,376321.0,599.0
38,3556.0,84102.0,69463.0,409731.0,98826.0,685177.0,384101.0,82688.0,377539.0,75806.0,436447.0,4807986.0,493128.0,91052.0,1619164.0,508004.0,1954.0,2977590.0,5258858.0,131441.0,3827.0,695448.0,190336.0,536133.0,450563.0,169803.0,2731349.0,2058.0,167126.0,42028.0,73553.0,3387.0,42450.0,72383.0,46198.0,1365484.0,436410.0,1157134.0,141523.0,764091.0,1638413.0,884399.0,101483.0,197253.0,1286.0,2942776.0,389736.0,245.0
39,3403.0,88239.0,67388.0,430186.0,104236.0,753470.0,401563.0,87870.0,397552.0,77178.0,449286.0,4985173.0,511441.0,94713.0,1740945.0,514450.0,2700.0,3163181.0,5640726.0,144641.0,4585.0,736958.0,205268.0,573347.0,551157.0,174557.0,2917732.0,2854.0,170340.0,42678.0,78463.0,3828.0,41091.0,77694.0,47709.0,1444855.0,458812.0,1201222.0,152269.0,830580.0,1648256.0,937397.0,105415.0,214550.0,1700.0,3111576.0,402160.0,558.0
40,3778.0,101222.0,73205.0,445241.0,109042.0,780804.0,389973.0,87780.0,433790.0,78677.0,471259.0,5206447.0,552279.0,102456.0,1884172.0,533698.0,2010.0,3371966.0,5921035.0,150333.0,3754.0,778405.0,216753.0,584017.0,600512.0,174639.0,3206063.0,2971.0,182304.0,44286.0,80390.0,4491.0,41992.0,82411.0,50236.0,1516737.0,481703.0,1248411.0,174205.0,875439.0,1698441.0,987536.0,111773.0,227881.0,1905.0,3231770.0,422679.0,445.0
41,4022.0,112906.0,75603.0,450109.0,118257.0,848597.0,418323.0,92609.0,453962.0,85575.0,496074.0,5438968.0,572163.0,102083.0,1978068.0,552701.0,2371.0,3567353.0,6319008.0,148527.0,4558.0,805184.0,231640.0,610947.0,633757.0,200432.0,3359685.0,3488.0,187286.0,47672.0,80985.0,4676.0,43386.0,86753.0,51909.0,1618663.0,506322.0,1343315.0,193655.0,923259.0,1709105.0,1033710.0,120667.0,243584.0,1501.0,3360779.0,432440.0,558.0
42,5180.0,119461.0,74606.0,457361.0,127585.0,884902.0,433904.0,90947.0,488627.0,82274.0,524584.0,5731006.0,597133.0,105918.0,2169652.0,557587.0,2502.0,4153023.0,6574184.0,153058.0,5186.0,842174.0,246109.0,632057.0,707561.0,190179.0,3545655.0,3385.0,200036.0,56688.0,84441.0,6810.0,45022.0,93909.0,49468.0,1722127.0,538563.0,1382364.0,217839.0,921393.0,1738665.0,1105562.0,120322.0,250382.0,1711.0,3474766.0,432597.0,291.0
43,4848.0,128945.0,80775.0,480575.0,137655.0,929898.0,415924.0,93033.0,514812.0,90117.0,539969.0,6185318.0,632152.0,108946.0,2337466.0,577772.0,2588.0,4351623.0,6937921.0,162900.0,5389.0,878633.0,263207.0,649143.0,765833.0,199515.0,3818656.0,2771.0,203276.0,56361.0,87461.0,7457.0,48717.0,103546.0,55864.0,1780366.0,576177.0,1489762.0,263887.0,926028.0,1771846.0,1160899.0,129722.0,262321.0,2473.0,3572276.0,449616.0,457.0
44,4962.0,139197.0,82255.0,493143.0,149756.0,951363.0,458175.0,98157.0,531312.0,93081.0,572742.0,6166487.0,647502.0,119079.0,2457526.0,589291.0,3968.0,4284144.0,7389213.0,170434.0,5686.0,906160.0,274502.0,671445.0,773011.0,222231.0,3993441.0,3318.0,219574.0,58377.0,88397.0,6075.0,48868.0,112129.0,56526.0,1846734.0,581667.0,1607267.0,277789.0,1020834.0,1796944.0,1182183.0,132160.0,277975.0,2900.0,3736640.0,458824.0,240.0
45,5587.0,146884.0,81805.0,497406.0,157055.0,970916.0,474554.0,102629.0,551337.0,93656.0,578664.0,6219305.0,646363.0,111738.0,2564159.0,607697.0,3039.0,4379515.0,7664153.0,172731.0,6100.0,933543.0,281119.0,680485.0,561410.0,216668.0,4121329.0,3279.0,218517.0,59438.0,88520.0,6998.0,50217.0,113810.0,57249.0,1884080.0,607435.0,1606759.0,311514.0,1014008.0,1823380.0,1218927.0,132443.0,288051.0,2387.0,3838556.0,475422.0,377.0
46,5107.0,158122.0,84041.0,506601.0,166898.0,1005399.0,466265.0,105819.0,575613.0,93765.0,580533.0,6340921.0,673674.0,115361.0,2683480.0,615402.0,3430.0,4473254.0,8024038.0,179178.0,7016.0,974368.0,296053.0,695429.0,555752.0,217904.0,4231603.0,2822.0,218689.0,61439.0,84714.0,7652.0,50383.0,119695.0,61082.0,1974625.0,621436.0,1661735.0,355259.0,1071277.0,1822565.0,1250846.0,141135.0,296775.0,2421.0,3959303.0,479291.0,382.0
47,4129.0,169659.0,81989.0,521238.0,174494.0,1004551.0,464118.0,103649.0,603029.0,99435.0,577239.0,6451531.0,690049.0,122624.0,2763964.0,619580.0,3509.0,4588110.0,7921282.0,177851.0,6014.0,1007154.0,292948.0,708648.0,600643.0,224859.0,4360496.0,2879.0,226493.0,61773.0,94607.0,5246.0,50174.0,121676.0,60498.0,1958499.0,623662.0,1717790.0,387158.0,1089118.0,1824968.0,1244652.0,144712.0,308479.0,2647.0,4078891.0,483494.0,480.0
48,4973.0,170160.0,86729.0,518269.0,185066.0,1025406.0,472142.0,107559.0,622382.0,100685.0,600557.0,6472195.0,699771.0,120944.0,2851995.0,616474.0,3848.0,4646395.0,8400822.0,179219.0,6854.0,1013813.0,321161.0,748526.0,560865.0,223744.0,4404451.0,3402.0,231005.0,60429.0,93836.0,6504.0,50363.0,131234.0,59823.0,2050703.0,654939.0,1774543.0,438868.0,1081145.0,1844404.0,1308480.0,148471.0,311324.0,2094.0,4182485.0,476009.0,504.0
49,4691.0,179129.0,84033.0,527870.0,196055.0,1069353.0,494389.0,106527.0,633182.0,102421.0,624589.0,6645023.0,727231.0,121943.0,2972016.0,638380.0,4603.0,4855220.0,8579136.0,184958.0,6489.0,1039872.0,335212.0,753341.0,600269.0,221287.0,4520932.0,3493.0,249778.0,69357.0,92351.0,6509.0,53543.0,140193.0,62522.0,2204199.0,669085.0,1823157.0,518539.0,1098430.0,1856952.0,1340298.0,145777.0,319475.0,2407.0,4313150.0,486312.0,185.0
50,5391.0,185961.0,90750.0,530784.0,206639.0,1077843.0,489760.0,107660.0,658191.0,103942.0,632334.0,6734811.0,730408.0,123837.0,3013052.0,650478.0,3866.0,4889930.0,8762085.0,188727.0,6644.0,1068747.0,337114.0,762093.0,681564.0,235002.0,4670975.0,3687.0,247611.0,62753.0,92404.0,6677.0,53988.0,142502.0,63973.0,2221343.0,669135.0,1828539.0,564166.0,1106643.0,1877777.0,1328304.0,154990.0,318684.0,2560.0,4425326.0,496021.0,524.0
51,5735.0,185077.0,85478.0,535799.0,217204.0,1091022.0,494936.0,105422.0,657474.0,106651.0,637979.0,6747815.0,724244.0,121449.0,3071526.0,645797.0,4662.0,4952087.0,8884069.0,190838.0,6570.0,1068164.0,358931.0,775551.0,699436.0,246277.0,4760997.0,3248.0,229082.0,64264.0,96167.0,7877.0,50558.0,151406.0,65333.0,2275229.0,688069.0,1907408.0,603502.0,1098509.0,1861271.0,1350831.0,153503.0,324465.0,2396.0,4599881.0,504808.0,256.0
52,4891.0,197046.0,84669.0,542658.0,228401.0,1100196.0,504944.0,106209.0,682349.0,112060.0,632609.0,6856831.0,709110.0,124103.0,3094562.0,647396.0,4163.0,5075457.0,9298261.0,191159.0,7081.0,1108347.0,360572.0,797246.0,665965.0,198670.0,4895298.0,3642.0,236312.0,64739.0,94283.0,6650.0,53280.0,155509.0,65403.0,1960402.0,669320.0,1909357.0,627579.0,1128441.0,1892647.0,1347119.0,160258.0,330831.0,3189.0,4736527.0,503049.0,793.0
53,5415.0,199472.0,90474.0,556603.0,231208.0,1122731.0,496969.0,104321.0,690934.0,105030.0,633363.0,7027259.0,747159.0,119705.0,3188902.0,633139.0,5593.0,5144141.0,9124299.0,193366.0,7341.0,1106773.0,368487.0,789296.0,736307.0,255863.0,4974283.0,3684.0,239328.0,66708.0,92934.0,6168.0,53562.0,167634.0,69630.0,1905459.0,683063.0,1913473.0,651391.0,1194261.0,1869030.0,1362004.0,170420.0,328346.0,3158.0,4851042.0,507259.0,419.0
54,5372.0,203452.0,86357.0,549767.0,241656.0,1134489.0,480138.0,109865.0,711134.0,112045.0,654844.0,6976071.0,735306.0,112565.0,3244912.0,660705.0,5718.0,5248674.0,9390293.0,196735.0,6354.0,1151904.0,367904.0,825586.0,726275.0,261589.0,5056358.0,3711.0,240695.0,71105.0,96514.0,6197.0,54675.0,168004.0,67735.0,2029182.0,703933.0,1972631.0,682541.0,1179580.0,1899519.0,1354862.0,158166.0,335561.0,2446.0,4976547.0,501916.0,597.0
55,4856.0,222176.0,88239.0,560295.0,250509.0,1185557.0,506470.0,112514.0,734109.0,118973.0,660957.0,7106921.0,763594.0,122047.0,3322081.0,660081.0,5452.0,5346973.0,9589344.0,200133.0,7360.0,1174565.0,383831.0,828013.0,735668.0,275955.0,5298655.0,3854.0,239149.0,69300.0,95259.0,7002.0,54102.0,174515.0,66347.0,2056960.0,695147.0,2037457.0,729976.0,1180099.0,1903082.0,1376448.0,170575.0,343571.0,2294.0,5112407.0,509794.0,425.0
56,5153.0,220425.0,85002.0,556827.0,261121.0,1184103.0,503907.0,113066.0,726620.0,116482.0,634537.0,7140825.0,777252.0,118686.0,3384339.0,670700.0,6024.0,5412272.0,9483765.0,195670.0,6595.0,1162330.0,395064.0,818613.0,770961.0,282963.0,5245288.0,3273.0,238141.0,66625.0,94810.0,6552.0,53084.0,182605.0,70824.0,2120448.0,700970.0,2002624.0,746434.0,1268331.0,1892361.0,1381185.0,160202.0,339487.0,2306.0,5181051.0,511821.0,335.0
57,6376.0,223176.0,91324.0,549391.0,268300.0,1218590.0,510072.0,106715.0,747028.0,117503.0,634948.0,7087110.0,767273.0,116738.0,3375632.0,668749.0,5880.0,5552803.0,9518940.0,203130.0,7279.0,1195305.0,407077.0,827711.0,774476.0,274448.0,5388732.0,3556.0,246452.0,73735.0,95164.0,6330.0,53057.0,189789.0,72717.0,2185959.0,693644.0,2021018.0,774593.0,1241768.0,1923996.0,1353182.0,164817.0,332729.0,3501.0,5286524.0,517874.0,228.0
58,5296.0,222491.0,82175.0,556516.0,274910.0,1227028.0,514997.0,105527.0,733105.0,111238.0,640004.0,7093964.0,784555.0,118907.0,3425200.0,661867.0,6557.0,5741815.0,9453573.0,205911.0,6575.0,1224921.0,400023.0,836414.0,761412.0,266821.0,5551166.0,3509.0,253973.0,72274.0,94784.0,7479.0,56231.0,189401.0,70786.0,2022691.0,687980.0,2015207.0,813633.0,1281601.0,1922101.0,1346503.0,171665.0,337688.0,3128.0,5425302.0,517935.0,296.0
59,5074.0,226138.0,89289.0,553523.0,279500.0,1223964.0,521508.0,111123.0,743939.0,119619.0,661376.0,7231586.0,785221.0,113080.0,3451180.0,661843.0,7740.0,5681243.0,9731598.0,195029.0,7443.0,1214440.0,409771.0,821520.0,732671.0,278225.0,5652939.0,4062.0,252634.0,71277.0,95375.0,7914.0,51890.0,197544.0,78363.0,2020680.0,691021.0,1964036.0,815084.0,1243006.0,1916804.0,1364817.0,167497.0,349891.0,3355.0,5440123.0,511072.0,285.0
60,6301.0,234198.0,87587.0,555948.0,287188.0,1234839.0,543937.0,111357.0,736320.0,122052.0,640916.0,7220795.0,779825.0,118079.0,3519755.0,665060.0,6943.0,6040200.0,9980315.0,209369.0,6716.0,1223122.0,427436.0,856108.0,706997.0,293433.0,5672404.0,3368.0,248989.0,73053.0,96616.0,8887.0,55476.0,197321.0,73757.0,2232912.0,709542.0,1944665.0,848607.0,1242820.0,1939197.0,1353470.0,170083.0,346798.0,2699.0,5473912.0,509594.0,646.0
61,6589.0,234077.0,91044.0,574489.0,301530.0,1277254.0,519712.0,116564.0,764762.0,123109.0,659497.0,7562993.0,794774.0,121205.0,3564199.0,661805.0,7281.0,5806456.0,10191610.0,210133.0,7631.0,1255988.0,430366.0,865197.0,734394.0,289100.0,5794134.0,3764.0,241194.0,73793.0,96616.0,8535.0,58439.0,213911.0,80618.0,2304445.0,705003.0,1954326.0,886234.0,1323811.0,1936575.0,1348741.0,171066.0,354037.0,2792.0,5665763.0,516911.0,506.0
62,6834.0,187673.0,91172.0,590490.0,296668.0,1273320.0,520916.0,112129.0,742272.0,114588.0,639762.0,7640057.0,786301.0,115304.0,3552372.0,651797.0,7513.0,5687612.0,10177231.0,191129.0,6583.0,1215045.0,436244.0,840686.0,818365.0,296221.0,5805247.0,3324.0,250647.0,68946.0,94778.0,7093.0,56148.0,208773.0,81039.0,1978001.0,719284.0,1984736.0,910946.0,1282958.0,1956413.0,1387630.0,176516.0,351805.0,2783.0,5604809.0,521218.0,499.0
63,6230.0,245462.0,89267.0,589623.0,304727.0,1279383.0,553338.0,113929.0,747529.0,124257.0,656240.0,7766555.0,798468.0,118552.0,3567374.0,666786.0,7284.0,5586618.0,10097738.0,200521.0,7127.0,1284400.0,446508.0,878864.0,800427.0,293266.0,5956998.0,3381.0,244612.0,70150.0,95688.0,8332.0,55013.0,217599.0,79823.0,2180722.0,709214.0,2011340.0,950976.0,1284701.0,1941328.0,1359541.0,175745.0,349760.0,2834.0,5746049.0,517838.0,154.0
64,6499.0,246019.0,86989.0,592719.0,294462.0,1291408.0,534968.0,117904.0,750401.0,131575.0,663689.0,7686836.0,809092.0,120039.0,3597827.0,668780.0,7895.0,5757870.0,10153998.0,207036.0,8056.0,1282241.0,447281.0,889201.0,812056.0,331663.0,6015755.0,3906.0,242608.0,72954.0,95801.0,8651.0,58273.0,217335.0,82353.0,2269350.0,708351.0,2047844.0,967350.0,1269291.0,1946020.0,1382627.0,178066.0,359455.0,3100.0,5758216.0,512314.0,227.0
65,6926.0,254620.0,88765.0,596723.0,292046.0,1264355.0,535641.0,115762.0,741496.0,131156.0,658947.0,7674361.0,819878.0,113271.0,3672958.0,668344.0,8940.0,5854031.0,10163656.0,207838.0,7662.0,1289185.0,450879.0,888900.0,827278.0,303764.0,5942443.0,3677.0,252505.0,75304.0,91792.0,7411.0,56834.0,219031.0,82535.0,2271431.0,718630.0,1963059.0,996801.0,1261600.0,1930496.0,1379183.0,178425.0,359719.0,2542.0,5764523.0,515578.0,405.0
66,8002.0,252949.0,88994.0,577532.0,285486.0,1272341.0,540091.0,118143.0,745218.0,132217.0,652454.0,7541856.0,827843.0,114198.0,3660459.0,674526.0,7813.0,5914121.0,10211564.0,208631.0,7763.0,1328377.0,434314.0,886823.0,803952.0,313255.0,6092820.0,4712.0,246721.0,67049.0,88903.0,8787.0,59006.0,218870.0,84532.0,2367081.0,715475.0,1986228.0,991616.0,1349351.0,1925669.0,1395924.0,178520.0,348061.0,3312.0,5736927.0,519936.0,191.0
67,7326.0,256257.0,89894.0,578601.0,305874.0,1256073.0,544870.0,115749.0,746883.0,138497.0,648559.0,7653162.0,807202.0,119487.0,3543523.0,668387.0,8266.0,5950973.0,10472271.0,202057.0,7516.0,1325272.0,443950.0,881141.0,744732.0,300041.0,5999076.0,3677.0,247620.0,70949.0,95185.0,7797.0,57968.0,229752.0,81578.0,1949452.0,703300.0,1986961.0,1024947.0,1287332.0,1933220.0,1383304.0,180455.0,356231.0,3127.0,5644581.0,526438.0,669.0
68,6892.0,247173.0,89870.0,583236.0,298443.0,1267813.0,535839.0,115137.0,736924.0,143828.0,639457.0,7513116.0,824586.0,117452.0,3724184.0,670953.0,8127.0,5990309.0,10574570.0,209648.0,7916.0,1340336.0,455014.0,893752.0,739591.0,306972.0,5891459.0,4272.0,240685.0,73592.0,93871.0,6688.0,57989.0,234904.0,89935.0,2122764.0,699791.0,1986224.0,1034757.0,1281521.0,1907774.0,1382643.0,180445.0,364319.0,2419.0,5753810.0,524638.0,342.0
69,6683.0,264112.0,87692.0,571165.0,298386.0,1236667.0,541814.0,114044.0,742175.0,138239.0,661173.0,7644944.0,803349.0,113695.0,3731523.0,656645.0,8827.0,6058545.0,10534022.0,199946.0,8276.0,1345427.0,469459.0,854594.0,749706.0,268972.0,6068243.0,3105.0,240329.0,74454.0,93848.0,8255.0,57672.0,241193.0,81647.0,2295303.0,692646.0,1977168.0,1016321.0,1266705.0,1923669.0,1374568.0,176903.0,359998.0,2926.0,5803508.0,523341.0,270.0
70,7368.0,257393.0,88376.0,586214.0,305776.0,1256444.0,529710.0,111416.0,748357.0,140130.0,657297.0,7462344.0,802271.0,119416.0,3646311.0,681004.0,9229.0,6229195.0,10687936.0,205788.0,8828.0,1360185.0,454946.0,863014.0,821331.0,307002.0,6247512.0,3779.0,239039.0,71742.0,95334.0,6902.0,57034.0,240956.0,83266.0,2323139.0,710808.0,1915431.0,988353.0,1280263.0,1921855.0,1366390.0,183457.0,343056.0,2920.0,5756598.0,521823.0,654.0
71,6753.0,268620.0,89874.0,583986.0,311031.0,1241369.0,538182.0,117750.0,744507.0,141828.0,628826.0,7550840.0,782823.0,118161.0,3627372.0,667525.0,7913.0,6237287.0,10828575.0,205604.0,9323.0,1417935.0,462514.0,854425.0,775661.0,180574.0,6396226.0,3451.0,230212.0,73663.0,89119.0,7416.0,60239.0,258335.0,84922.0,2060168.0,714473.0,1920401.0,1027943.0,1251501.0,1917584.0,1390827.0,184268.0,355544.0,3944.0,6100161.0,530043.0,285.0
72,6339.0,268245.0,88287.0,564355.0,321612.0,1220752.0,557053.0,113809.0,733818.0,145177.0,640807.0,7490802.0,812331.0,121581.0,3517391.0,684014.0,8733.0,5993877.0,11115224.0,200711.0,8966.0,1403914.0,463172.0,863135.0,768293.0,302758.0,6452960.0,3259.0,238035.0,75347.0,90647.0,6931.0,59522.0,251369.0,88944.0,1917378.0,714447.0,1935537.0,982558.0,1282821.0,1904258.0,1395258.0,178742.0,340424.0,3415.0,6014863.0,519457.0,494.0
73,6611.0,269677.0,89611.0,567309.0,313676.0,1195406.0,544390.0,115199.0,737353.0,138021.0,652108.0,7520815.0,808600.0,118054.0,3420729.0,683921.0,9123.0,6045375.0,10792070.0,203043.0,8809.0,1398469.0,457818.0,857515.0,814431.0,302158.0,6708491.0,4257.0,227871.0,74497.0,92502.0,7725.0,57542.0,249990.0,90870.0,2157356.0,723921.0,2011578.0,1004613.0,1310040.0,1933899.0,1401433.0,182266.0,343385.0,3063.0,5765074.0,526376.0,142.0
74,7360.0,268108.0,87352.0,554289.0,317803.0,1209009.0,547334.0,115376.0,715587.0,138426.0,619569.0,7394208.0,813733.0,119922.0,3437538.0,670712.0,8219.0,5975007.0,10878226.0,198390.0,9411.0,1416532.0,472808.0,864328.0,827716.0,318966.0,6602843.0,3282.0,225130.0,71968.0,94593.0,7662.0,56375.0,248462.0,90436.0,1898115.0,720848.0,2001264.0,968041.0,1228815.0,1919386.0,1415327.0,181203.0,345921.0,3251.0,6036865.0,513968.0,299.0
75,7228.0,264788.0,87053.0,556319.0,315942.0,1194147.0,536100.0,116139.0,715636.0,140427.0,628656.0,7359865.0,810323.0,115810.0,3433832.0,681918.0,8234.0,5797312.0,10864227.0,200929.0,8492.0,1400841.0,475855.0,879672.0,842304.0,337646.0,6629530.0,3080.0,239620.0,71946.0,95226.0,7380.0,56918.0,253967.0,84295.0,2092201.0,719542.0,1981556.0,995505.0,1252866.0,1897752.0,1414644.0,184572.0,339274.0,2990.0,6112260.0,516373.0,420.0
76,7193.0,259278.0,86649.0,559916.0,314205.0,1189671.0,552045.0,116493.0,712812.0,141961.0,603992.0,7368589.0,815391.0,114593.0,3430678.0,671528.0,8578.0,5836357.0,10573554.0,207132.0,8742.0,1429298.0,468882.0,866284.0,856042.0,329296.0,6622235.0,4355.0,239311.0,69502.0,97509.0,7193.0,56736.0,253855.0,89018.0,2184914.0,702414.0,2003414.0,1026318.0,1265310.0,1958156.0,1394307.0,181477.0,345104.0,2748.0,6099875.0,526421.0,178.0
77,6671.0,259198.0,89330.0,552450.0,311424.0,1170448.0,530545.0,118478.0,705816.0,141619.0,625718.0,7301380.0,805858.0,119896.0,3418411.0,695714.0,8253.0,5691474.0,10732744.0,192578.0,8662.0,1410117.0,451958.0,881394.0,892925.0,309570.0,6521746.0,3387.0,247394.0,73071.0,92359.0,6760.0,54468.0,250170.0,91092.0,2210763.0,690063.0,1996308.0,1061518.0,1255214.0,1955416.0,1407814.0,177343.0,340013.0,3429.0,6185240.0,523512.0,701.0
78,6438.0,274992.0,89380.0,563673.0,313752.0,1191111.0,553637.0,112478.0,714084.0,140810.0,600294.0,7184812.0,793730.0,117969.0,3434008.0,688718.0,8284.0,5621081.0,10644953.0,196767.0,8325.0,1352586.0,447810.0,885188.0,893490.0,304451.0,6545860.0,3029.0,235278.0,72548.0,96040.0,7152.0,53716.0,252265.0,89723.0,2252979.0,698850.0,2015192.0,1079414.0,1212780.0,1931955.0,1389174.0,185016.0,341257.0,2491.0,6039997.0,517940.0,275.0
79,7841.0,269992.0,91201.0,565578.0,309921.0,1178883.0,554842.0,115740.0,702744.0,138333.0,606430.0,7266868.0,807021.0,117163.0,3496114.0,693334.0,7982.0,5556749.0,10553715.0,198475.0,7774.0,1345916.0,443241.0,873859.0,883077.0,321117.0,6463188.0,2966.0,236746.0,66392.0,99551.0,6332.0,58101.0,255485.0,86800.0,2260579.0,716942.0,2016102.0,1164068.0,1169951.0,1940406.0,1379491.0,178002.0,332852.0,2834.0,6020897.0,526249.0,359.0
80,6813.0,264845.0,87388.0,547737.0,321113.0,1189512.0,543880.0,113284.0,695951.0,132978.0,600315.0,7283710.0,818612.0,113874.0,3454231.0,674628.0,7375.0,5664666.0,10396892.0,198224.0,8563.0,1376303.0,447138.0,881671.0,797131.0,328341.0,6238723.0,3214.0,240836.0,70970.0,99407.0,6753.0,53851.0,260606.0,87128.0,2145811.0,704870.0,1965584.0,1181190.0,1218902.0,1928926.0,1403279.0,184689.0,350123.0,3088.0,5972965.0,523249.0,183.0
81,7278.0,261009.0,86879.0,549162.0,310482.0,1189890.0,538454.0,112634.0,690896.0,134960.0,600118.0,7199867.0,812579.0,116590.0,3521281.0,685749.0,8694.0,5552844.0,10291857.0,200525.0,7875.0,1327354.0,435401.0,862912.0,879398.0,319510.0,6283082.0,3173.0,224662.0,70200.0,96252.0,6291.0,57181.0,261769.0,91109.0,2263870.0,718595.0,1945842.0,1163095.0,1239266.0,1917904.0,1381630.0,175034.0,327791.0,2359.0,6080547.0,512008.0,238.0
82,6595.0,265630.0,90002.0,550614.0,320425.0,1185914.0,549847.0,115762.0,695419.0,133560.0,613179.0,7318274.0,817449.0,118055.0,3657631.0,678451.0,8625.0,5689706.0,10696608.0,195148.0,7191.0,1352061.0,430118.0,858532.0,920636.0,333421.0,6177687.0,2763.0,226873.0,71764.0,96931.0,6208.0,56562.0,263171.0,82137.0,2302075.0,711657.0,1896141.0,1179516.0,1150178.0,1904335.0,1407336.0,171241.0,313468.0,3383.0,6111650.0,519841.0,438.0
83,6631.0,254287.0,87393.0,548816.0,316955.0,1190569.0,536898.0,115533.0,672574.0,127213.0,607980.0,7292656.0,831841.0,115072.0,3744466.0,681374.0,8614.0,5542775.0,10773429.0,199404.0,8197.0,1328524.0,422537.0,885456.0,913037.0,314523.0,6055022.0,2994.0,239344.0,67430.0,95794.0,6248.0,56136.0,264512.0,89711.0,2291842.0,710264.0,1948381.0,1144643.0,1171829.0,1919634.0,1418438.0,176271.0,331519.0,2168.0,5927982.0,518816.0,309.0
84,6744.0,260241.0,84261.0,539913.0,305415.0,1197609.0,535729.0,111345.0,674459.0,126581.0,590403.0,7119258.0,822263.0,117791.0,3681127.0,691652.0,8724.0,5510218.0,10676291.0,187599.0,8308.0,1284662.0,416595.0,853281.0,902101.0,327048.0,5988425.0,3146.0,220980.0,70571.0,93640.0,6381.0,54140.0,253978.0,86472.0,2380049.0,710179.0,1919564.0,1131457.0,1179549.0,1902036.0,1408332.0,163276.0,313843.0,2795.0,5889511.0,506286.0,335.0
85,6870.0,251515.0,81110.0,538967.0,301239.0,1194552.0,535507.0,107129.0,678882.0,125941.0,588270.0,7215808.0,832457.0,109323.0,3764649.0,688109.0,7939.0,5477382.0,10660724.0,190306.0,7953.0,1289800.0,414585.0,833868.0,851302.0,317158.0,5942313.0,3657.0,224177.0,70885.0,91972.0,6003.0,54763.0,255207.0,84943.0,2025818.0,718985.0,1919192.0,1111652.0,1099110.0,1872932.0,1426647.0,159002.0,320306.0,2611.0,5986310.0,497360.0,293.0
86,7307.0,254248.0,81529.0,551644.0,303284.0,1212022.0,536077.0,109726.0,693682.0,122754.0,572551.0,7313571.0,845291.0,111648.0,3798249.0,680857.0,9935.0,5581918.0,10807417.0,179322.0,8121.0,1324347.0,403690.0,864543.0,744571.0,325758.0,5982470.0,3359.0,230046.0,69322.0,91093.0,6762.0,52916.0,268111.0,93247.0,2294284.0,717322.0,1862394.0,1114948.0,1107753.0,1842211.0,1446897.0,161880.0,318506.0,2477.0,5907117.0,498719.0,298.0
87,6621.0,244654.0,78553.0,538938.0,298453.0,1219291.0,534120.0,112197.0,688959.0,123780.0,594474.0,7309881.0,860733.0,115661.0,3739538.0,683564.0,8676.0,5595441.0,10809684.0,186950.0,6769.0,1305639.0,398616.0,864013.0,906219.0,320394.0,5906562.0,3640.0,224934.0,63578.0,88224.0,7052.0,52454.0,259211.0,88389.0,2448511.0,746359.0,1822886.0,1095500.0,1120075.0,1853194.0,1460131.0,157713.0,312335.0,2343.0,6066750.0,509066.0,219.0
88,7293.0,248355.0,77340.0,546876.0,309385.0,1220297.0,516664.0,107245.0,677763.0,127205.0,584623.0,7268089.0,838317.0,115738.0,3661575.0,693104.0,8383.0,5592733.0,10789424.0,180641.0,7761.0,1237934.0,412386.0,859181.0,800024.0,324186.0,5871467.0,3114.0,221764.0,72253.0,86989.0,7557.0,53705.0,257807.0,87630.0,2151919.0,730215.0,1860266.0,1072466.0,1133012.0,1872970.0,1466171.0,163054.0,318572.0,3029.0,5936453.0,511315.0,286.0
89,5248.0,241642.0,80632.0,545571.0,293979.0,1241127.0,504477.0,106953.0,698647.0,118448.0,558780.0,7361644.0,844381.0,111763.0,3656011.0,672410.0,10249.0,5568753.0,10856453.0,177459.0,6851.0,1273337.0,380150.0,850949.0,825912.0,279805.0,5768358.0,3241.0,237089.0,67225.0,89434.0,7836.0,50903.0,258527.0,86531.0,2295059.0,714777.0,1859423.0,1059091.0,1108218.0,1851340.0,1452115.0,157749.0,313233.0,2011.0,5897589.0,493294.0,355.0
90,6955.0,245638.0,78962.0,543225.0,311070.0,1265013.0,503879.0,107408.0,711807.0,122822.0,579637.0,7422039.0,854687.0,115411.0,3645447.0,702131.0,7474.0,5624573.0,10985756.0,176460.0,7672.0,1263756.0,418165.0,862148.0,840002.0,288763.0,5910348.0,2850.0,224874.0,67487.0,88873.0,7303.0,50456.0,254963.0,85744.0,2073681.0,754182.0,1832571.0,1053058.0,1095054.0,1911000.0,1480485.0,157918.0,316017.0,2575.0,5806897.0,480848.0,223.0
91,6707.0,242079.0,74978.0,521992.0,291547.0,1232333.0,502032.0,107012.0,686416.0,121525.0,573363.0,7323141.0,852705.0,110456.0,3595305.0,690834.0,8566.0,5490716.0,11132729.0,166537.0,7385.0,1232352.0,389946.0,847846.0,836966.0,315908.0,5873794.0,3360.0,230406.0,65544.0,89715.0,6102.0,50184.0,258252.0,87132.0,2163762.0,755058.0,1881105.0,1036626.0,1093014.0,1926112.0,1463764.0,162052.0,312780.0,3100.0,5709867.0,468942.0,792.0
92,5817.0,247430.0,80210.0,536862.0,301331.0,1242901.0,501614.0,111361.0,687648.0,115356.0,586033.0,7384871.0,850388.0,112507.0,3560928.0,706420.0,9106.0,5746006.0,11080782.0,175712.0,9333.0,1247088.0,399407.0,854864.0,889007.0,325008.0,5910153.0,3064.0,240561.0,62595.0,91114.0,6214.0,50700.0,244815.0,82196.0,2256599.0,755381.0,1878180.0,1032577.0,1093262.0,1937585.0,1458193.0,157891.0,311257.0,2960.0,5666938.0,479632.0,263.0
93,6286.0,244952.0,81422.0,534545.0,306875.0,1222152.0,500216.0,106859.0,701755.0,122483.0,595156.0,7439566.0,835499.0,119312.0,3644205.0,733053.0,8758.0,4941064.0,11494003.0,181910.0,8900.0,1223474.0,397093.0,864210.0,916771.0,306045.0,5905390.0,2920.0,230030.0,64612.0,88422.0,6628.0,47981.0,252879.0,82453.0,2075631.0,765038.0,1881176.0,1027823.0,1103022.0,1927262.0,1449419.0,158302.0,324768.0,2733.0,5670005.0,467841.0,354.0
94,6890.0,246132.0,79895.0,533386.0,308088.0,1256542.0,499048.0,111160.0,690370.0,116741.0,585296.0,7402489.0,805992.0,115743.0,3592473.0,706760.0,9061.0,5443835.0,11483953.0,167994.0,7300.0,1249296.0,385599.0,862519.0,819230.0,205055.0,5924550.0,3012.0,234090.0,63782.0,84317.0,7034.0,47606.0,243168.0,85550.0,2134690.0,757173.0,1879803.0,1025077.0,1107003.0,1951805.0,1443426.0,156210.0,317796.0,3272.0,5688606.0,464239.0,250.0
95,6062.0,246392.0,82931.0,546056.0,299710.0,1227752.0,494455.0,110935.0,689387.0,120577.0,570450.0,7541682.0,818449.0,116532.0,3515340.0,718586.0,9573.0,5263760.0,11716365.0,166435.0,6831.0,1226728.0,395848.0,858384.0,859268.0,319740.0,5891502.0,2851.0,198991.0,61134.0,88025.0,6430.0,49433.0,244543.0,88126.0,1994277.0,757853.0,1858300.0,1017667.0,1077371.0,1936852.0,1457934.0,151399.0,315650.0,3414.0,5607198.0,474591.0,339.0
96,5830.0,252172.0,80512.0,528981.0,297031.0,1254441.0,497231.0,111345.0,665703.0,116199.0,577546.0,7350159.0,848414.0,116959.0,3537015.0,737266.0,7784.0,5286716.0,11584656.0,161914.0,7400.0,1168693.0,386686.0,863011.0,877297.0,310781.0,5903427.0,2786.0,238497.0,60800.0,90484.0,6001.0,46251.0,243709.0,83941.0,2101799.0,791825.0,1889715.0,1021134.0,1031099.0,1980065.0,1456863.0,146896.0,288681.0,3130.0,5435484.0,464174.0,191.0
97,5963.0,245818.0,85402.0,546812.0,293064.0,1229702.0,489625.0,110429.0,669948.0,125041.0,604794.0,7270128.0,824199.0,122378.0,3533805.0,748596.0,9641.0,6206736.0,11272694.0,172244.0,8420.0,1204449.0,381114.0,875625.0,919617.0,320187.0,5937409.0,3091.0,239896.0,57581.0,92269.0,5708.0,48983.0,252294.0,85656.0,1867682.0,763622.0,1989006.0,1041292.0,1109398.0,2013585.0,1446415.0,155123.0,322603.0,3471.0,5476367.0,488122.0,208.0
98,6795.0,246095.0,86972.0,545691.0,291582.0,1233077.0,494483.0,112845.0,675408.0,114648.0,579455.0,7240691.0,823231.0,122418.0,3534979.0,746980.0,9034.0,6223232.0,11425160.0,176876.0,5984.0,1207620.0,386066.0,863753.0,796094.0,333322.0,5920382.0,2974.0,235569.0,61917.0,95494.0,5194.0,49799.0,248816.0,84835.0,2045255.0,780472.0,1903260.0,1048442.0,1081161.0,1998374.0,1458796.0,156763.0,319412.0,2652.0,5559421.0,497141.0,493.0
99,6533.0,234248.0,82989.0,548154.0,289367.0,1229109.0,496064.0,117887.0,658611.0,115892.0,599582.0,7326096.0,819502.0,121482.0,3484628.0,760514.0,9141.0,5923925.0,11407451.0,176986.0,6802.0,1151100.0,381866.0,876348.0,847186.0,317462.0,5819568.0,2487.0,232194.0,56826.0,93591.0,5437.0,52653.0,232264.0,82868.0,2127855.0,797000.0,1907577.0,1039494.0,1092062.0,2038700.0,1478085.0,144317.0,321716.0,2813.0,5283574.0,493154.0,158.0
100,6920.0,235579.0,84195.0,560104.0,282247.0,1244912.0,505681.0,118774.0,656882.0,121249.0,596347.0,7351260.0,841813.0,118635.0,3565449.0,762531.0,8620.0,6289269.0,11494973.0,178000.0,7099.0,1164132.0,367888.0,891290.0,877544.0,328850.0,5831295.0,2403.0,237261.0,56476.0,93703.0,4648.0,52747.0,237917.0,83440.0,2200092.0,782867.0,1920235.0,1051773.0,1093278.0,2078494.0,1480956.0,151497.0,317906.0,2501.0,5190683.0,505901.0,300.0
101,7431.0,241082.0,88310.0,553291.0,293229.0,1232137.0,506354.0,123008.0,636445.0,115934.0,619018.0,7316229.0,858732.0,124328.0,3487161.0,774279.0,8766.0,5823138.0,11238961.0,176269.0,6831.0,1157629.0,382843.0,905470.0,913688.0,326846.0,5834575.0,2730.0,232592.0,57782.0,99580.0,5218.0,52812.0,230533.0,83764.0,1954355.0,797668.0,1987500.0,1050688.0,1143849.0,2114685.0,1517669.0,145342.0,333747.0,3583.0,5026749.0,502358.0,86.0
102,5853.0,238183.0,95099.0,550475.0,287825.0,1298391.0,510127.0,121953.0,628055.0,118259.0,642668.0,7253781.0,831973.0,122773.0,3395454.0,792041.0,9145.0,6454861.0,11828886.0,196308.0,7127.0,1138296.0,367809.0,938595.0,847909.0,295716.0,5818919.0,3141.0,238100.0,56127.0,96214.0,4551.0,53809.0,235062.0,89784.0,2186095.0,831675.0,1952120.0,1076679.0,1155910.0,2115122.0,1541809.0,146245.0,332005.0,3009.0,4653005.0,516946.0,113.0
103,6145.0,234786.0,94755.0,547678.0,278150.0,1249086.0,474827.0,122927.0,617285.0,117439.0,613459.0,7244227.0,856973.0,127925.0,3305851.0,791582.0,9832.0,6174938.0,11815509.0,211493.0,7171.0,1141471.0,375147.0,937188.0,935881.0,303670.0,5833122.0,2293.0,250925.0,61074.0,95223.0,4550.0,56619.0,240549.0,86950.0,1997860.0,803018.0,2045666.0,1070838.0,1059777.0,2137272.0,1518598.0,147181.0,350961.0,2536.0,4534700.0,524518.0,62.0
104,6564.0,228609.0,97475.0,558418.0,287618.0,1227088.0,522486.0,125936.0,609625.0,118126.0,664162.0,7282055.0,890585.0,130425.0,3387381.0,794072.0,9947.0,6297054.0,11473637.0,211302.0,6741.0,1120879.0,371040.0,935019.0,807004.0,337581.0,5764894.0,2642.0,256562.0,60369.0,98106.0,4827.0,57872.0,230057.0,86772.0,2190047.0,809976.0,2039621.0,1051831.0,1143060.0,2154453.0,1573468.0,155473.0,348544.0,2351.0,4384923.0,531109.0,61.0
105,6250.0,234270.0,103769.0,568532.0,274245.0,1207376.0,483328.0,124775.0,611909.0,130369.0,665280.0,7680508.0,900580.0,128074.0,3340455.0,822377.0,10586.0,6307078.0,11857652.0,207372.0,7502.0,1079190.0,369111.0,950545.0,865001.0,362720.0,5732696.0,3345.0,260992.0,59655.0,96728.0,5166.0,56483.0,226638.0,84031.0,2242279.0,886359.0,2019956.0,1070625.0,1149278.0,2110563.0,1577714.0,146840.0,358455.0,2517.0,4003645.0,538343.0,75.0
106,7229.0,232232.0,105060.0,566155.0,270096.0,1240251.0,502349.0,127107.0,607471.0,127493.0,689584.0,7661774.0,898860.0,127692.0,3350016.0,800218.0,9295.0,6296986.0,11862852.0,207421.0,7572.0,1110680.0,365049.0,975499.0,900044.0,335776.0,5631414.0,2350.0,251217.0,58097.0,96886.0,4950.0,55818.0,225268.0,80462.0,2225037.0,851843.0,2052626.0,1096641.0,1125820.0,2103440.0,1567511.0,150358.0,363631.0,2091.0,3927714.0,551109.0,88.0
107,6584.0,228499.0,103574.0,584769.0,266296.0,1273643.0,542616.0,127824.0,612656.0,126820.0,711023.0,7728425.0,933031.0,126716.0,3334832.0,820472.0,8927.0,6134513.0,11838470.0,219229.0,7561.0,1107327.0,356988.0,986314.0,826942.0,343557.0,6004152.0,2432.0,264181.0,59357.0,104097.0,5009.0,58601.0,229675.0,80482.0,2150558.0,846792.0,2068877.0,1121521.0,1130710.0,2137214.0,1607214.0,149856.0,361699.0,2641.0,4748958.0,571718.0,97.0
108,6561.0,233813.0,113613.0,612481.0,272953.0,1286723.0,536886.0,130194.0,607294.0,136771.0,710733.0,7982686.0,974896.0,132122.0,3294269.0,870554.0,9579.0,6251998.0,11975350.0,218721.0,8614.0,1119908.0,355910.0,1009894.0,929823.0,345172.0,5782480.0,3530.0,249094.0,61836.0,104735.0,4693.0,59873.0,214364.0,83241.0,2159678.0,920074.0,2111828.0,1105847.0,1183872.0,2087651.0,1627470.0,156865.0,384637.0,3241.0,5388605.0,572266.0,129.0
109,7296.0,194169.0,115769.0,628109.0,269323.0,1313402.0,577152.0,133752.0,600289.0,136853.0,718785.0,8212748.0,925526.0,133219.0,3310747.0,840120.0,9464.0,6169625.0,11833869.0,238634.0,7452.0,1151691.0,376075.0,1068093.0,967469.0,349339.0,5823020.0,3081.0,262307.0,65207.0,107600.0,4638.0,62213.0,186061.0,82297.0,2175120.0,910928.0,2205987.0,1171954.0,1136704.0,2133012.0,1614472.0,148959.0,398612.0,2821.0,5611736.0,578967.0,33.0
110,7938.0,210992.0,118313.0,618594.0,251001.0,1281895.0,635778.0,133913.0,594801.0,137461.0,764522.0,8096780.0,973586.0,143861.0,3270817.0,849664.0,9289.0,6248579.0,11923709.0,232440.0,6446.0,1171855.0,366196.0,1078884.0,951834.0,353654.0,5785054.0,2582.0,253216.0,62951.0,111095.0,4432.0,65389.0,200769.0,81219.0,2413105.0,886193.0,2153512.0,1160299.0,1206244.0,2085714.0,1662632.0,157797.0,411963.0,1651.0,5765046.0,589857.0,28.0
111,7415.0,232279.0,108076.0,605973.0,237819.0,1300279.0,632660.0,136488.0,596986.0,136982.0,730405.0,8112135.0,964419.0,137956.0,3262084.0,868306.0,10663.0,6191516.0,11860162.0,233539.0,7601.0,1186217.0,366293.0,1101004.0,920383.0,304456.0,5743753.0,3050.0,272397.0,60536.0,110007.0,4536.0,65349.0,217916.0,84505.0,2332600.0,977027.0,2312073.0,1143042.0,1363314.0,2128800.0,1700499.0,156225.0,406639.0,2536.0,5803385.0,603529.0,40.0
112,7714.0,236993.0,118200.0,631472.0,256232.0,1331180.0,634127.0,138277.0,601403.0,134186.0,761656.0,8299484.0,968070.0,135934.0,3253165.0,856760.0,9676.0,6246051.0,12070163.0,241068.0,6858.0,1202928.0,371073.0,1139087.0,1001242.0,243651.0,5819797.0,2660.0,286509.0,64902.0,112471.0,4498.0,69173.0,237664.0,82611.0,2058051.0,930858.0,2371434.0,1151335.0,1352049.0,2070315.0,1717800.0,165371.0,408476.0,2126.0,5775323.0,618316.0,4.0
113,8062.0,255367.0,126225.0,635390.0,275969.0,1293873.0,656190.0,140032.0,604350.0,138691.0,784223.0,8484779.0,1026636.0,158139.0,3287652.0,878273.0,9528.0,6260773.0,12023820.0,254308.0,7770.0,1185393.0,386293.0,1212283.0,881350.0,342103.0,5843990.0,2642.0,303850.0,64778.0,109999.0,4392.0,68664.0,251808.0,83176.0,2179317.0,931974.0,2416792.0,1173803.0,1403920.0,2027873.0,1830040.0,167450.0,431041.0,2253.0,5923278.0,640666.0,15.0
114,8240.0,253006.0,128104.0,632299.0,294452.0,1319352.0,658402.0,140940.0,589155.0,139879.0,799652.0,8341376.0,1014520.0,145091.0,3266369.0,896722.0,10165.0,6499386.0,12413387.0,249389.0,7771.0,1213992.0,417177.0,1170716.0,843432.0,376786.0,5833405.0,2821.0,296205.0,57764.0,112612.0,4589.0,73698.0,241337.0,87063.0,2331929.0,1011399.0,2363558.0,1177151.0,1374821.0,1997551.0,1763985.0,179176.0,456144.0,1931.0,5883810.0,627806.0,13.0
115,9377.0,264582.0,122592.0,691971.0,307369.0,1324612.0,659442.0,144749.0,598163.0,131943.0,848515.0,9086922.0,1035786.0,142977.0,3272340.0,872485.0,10394.0,6410105.0,12780287.0,249408.0,6947.0,1226456.0,419837.0,1146612.0,904440.0,387256.0,6002192.0,2924.0,312802.0,63864.0,116809.0,4386.0,72621.0,256394.0,85566.0,2472541.0,986817.0,2654475.0,1185838.0,1465110.0,1971166.0,1785292.0,187698.0,459716.0,2730.0,5945131.0,637792.0,20.0
116,9230.0,264489.5,123928.0,701459.0,318220.0,1354271.5,698938.5,145437.0,584796.0,140178.5,849392.0,9083625.0,1029793.0,144859.5,3275675.0,860136.5,10098.5,6371192.0,12889281.0,250283.0,7535.0,1266060.0,434695.5,1196475.0,896477.0,350392.0,6005963.5,3174.5,309312.0,65572.0,115806.0,4194.5,72233.0,244639.0,85648.5,2325468.0,1052115.5,2810840.5,1185980.0,1487640.5,1917913.5,1835157.5,197503.0,472779.5,2438.0,5898259.5,627139.0,38.5
117,9083.0,264397.0,125264.0,710947.0,329071.0,1383931.0,738435.0,146125.0,571429.0,148414.0,850269.0,9080328.0,1023800.0,146742.0,3279010.0,847788.0,9803.0,6332279.0,12998275.0,251158.0,8123.0,1305664.0,449554.0,1246338.0,888514.0,313528.0,6009735.0,3425.0,305822.0,67280.0,114803.0,4003.0,71845.0,232884.0,85731.0,2178395.0,1117414.0,2967206.0,1186122.0,1510171.0,1864661.0,1885023.0,207308.0,485843.0,2146.0,5851388.0,616486.0,57.0
118,8756.0,279797.0,122040.0,733595.0,321604.0,1347007.0,700870.0,145921.0,578377.0,138715.0,842065.0,9373814.0,1051453.0,154260.0,3309566.0,845273.0,10039.0,6742845.0,13145036.0,244215.0,7819.0,1291838.0,464732.0,1276163.0,841183.0,330270.0,6129945.0,2667.0,319898.0,67281.0,118646.0,4516.0,71035.0,236193.0,85531.0,2397238.0,1054274.0,3052672.0,1218088.0,1508385.0,1820239.0,1876689.0,213213.0,469306.0,2085.0,5984634.0,608229.0,45.0
119,9756.5,270862.0,117981.0,720840.5,324239.0,1360290.5,684099.0,141445.0,559023.0,137184.0,842861.5,9310636.0,1053436.5,151062.0,3360199.5,829185.5,10096.5,6741075.0,13292303.0,242104.0,8281.0,1280487.0,474813.5,1245972.5,862658.0,352888.5,6034507.5,2778.0,318330.0,67161.0,119506.5,4596.0,70104.0,234889.0,85642.0,2259087.0,1074611.5,2939879.5,1243336.5,1552654.5,1745657.5,1896555.5,221102.0,491920.5,2297.0,6045384.0,591144.0,41.5
120,10757.0,261927.0,113922.0,708086.0,326874.0,1373574.0,667328.0,136969.0,539669.0,135653.0,843658.0,9247458.0,1055420.0,147864.0,3410833.0,813098.0,10154.0,6739305.0,13439570.0,239993.0,8743.0,1269136.0,484895.0,1215782.0,884133.0,375507.0,5939070.0,2889.0,316762.0,67041.0,120367.0,4676.0,69173.0,233585.0,85753.0,2120936.0,1094949.0,2827087.0,1268585.0,1596924.0,1671076.0,1916422.0,228991.0,514535.0,2509.0,6106134.0,574059.0,38.0
121,10449.0,283431.0,110610.0,693236.0,329358.0,1364178.0,656462.0,137027.0,547508.0,133624.0,815054.0,9121223.0,1083641.0,145988.0,3467822.0,772698.0,11252.0,6888821.0,13508872.0,232706.0,9557.0,1311263.0,476391.0,1179537.0,911900.0,386524.0,6162655.0,3622.0,311531.0,67638.0,112543.0,4247.0,66418.0,241317.0,85671.0,2082631.0,1071647.0,2909698.0,1321205.0,1443201.0,1608180.0,1914220.0,232697.0,493194.0,3417.0,6154764.0,573666.0,17.0
122,10329.0,286213.0,95972.0,692301.0,334457.0,1465742.0,697275.0,132712.0,548842.0,142992.0,826329.0,9035881.0,1105466.0,145137.0,3489890.0,718560.0,10625.0,6849647.0,13950973.0,218313.0,9657.0,1315652.0,482064.0,1125822.0,933760.0,396344.0,6044754.0,5228.0,292875.0,70721.0,106942.0,4777.0,62852.0,254107.0,87476.0,2196877.0,1091167.0,2875613.0,1385062.0,1413143.0,1525746.0,1993426.0,225275.0,479836.0,2170.0,6110831.0,542461.0,15.0
123,12154.0,297785.0,89911.0,658093.0,349667.0,1414361.0,611125.0,121604.0,568520.0,132176.0,775146.0,8907118.0,1089082.0,122181.0,3586648.0,659563.0,11765.0,6936880.0,14413824.0,196725.0,8876.0,1368017.0,460133.0,1011530.0,1075280.0,390347.0,5984344.0,3126.0,260061.0,70938.0,100189.0,3946.0,57873.0,247390.0,82032.0,2170265.0,1119973.0,2600502.0,1422614.0,1250289.0,1356458.0,1841443.0,210893.0,433090.0,2611.0,6434744.0,502607.0,26.0
124,11229.5,293409.5,83345.0,637614.5,372182.5,1409614.0,569934.5,113076.0,589447.5,127992.0,730968.0,8659130.5,1048039.0,121369.0,3680418.5,621121.5,11735.0,6743216.0,14202393.0,186176.5,8587.5,1356937.5,477517.5,950927.0,1064268.5,391698.5,5820796.0,2826.0,246523.0,69727.0,95289.0,4553.0,54356.5,253739.0,79668.0,2136703.0,1101575.5,2595556.5,1458471.5,1160226.5,1256767.0,1825032.0,202799.5,407679.5,2309.0,6355921.0,469984.0,18.5
125,10305.0,289034.0,76779.0,617136.0,394698.0,1404867.0,528744.0,104548.0,610375.0,123808.0,686790.0,8411143.0,1006996.0,120557.0,3774189.0,582680.0,11705.0,6549552.0,13990962.0,175628.0,8299.0,1345858.0,494902.0,890324.0,1053257.0,393050.0,5657248.0,2526.0,232985.0,68516.0,90389.0,5160.0,50840.0,260088.0,77304.0,2103141.0,1083178.0,2590611.0,1494329.0,1070164.0,1157076.0,1808621.0,194706.0,382269.0,2007.0,6277098.0,437361.0,11.0
126,9818.0,287916.0,72278.0,572835.0,400940.0,1367352.0,545632.0,94819.0,640020.0,125655.0,688048.0,7865856.0,940871.0,108014.0,3792059.0,539058.0,12910.0,6289576.0,14628478.0,161671.0,8016.0,1297495.0,489984.0,830800.0,1093858.0,316171.0,5639970.0,2840.0,212718.0,67342.0,84689.0,3578.0,48355.0,263927.0,78941.0,2037284.0,1126482.0,2478306.0,1542736.0,1170281.0,1099411.0,1674157.0,185475.0,375622.0,2228.0,6426147.0,408867.0,5.0
127,9920.0,291405.0,67335.0,539734.0,402004.0,1309048.0,487998.0,88482.0,655943.0,119331.0,599436.0,7502158.0,909217.0,100612.0,3883533.0,496622.0,12754.0,6102856.0,14954308.0,162758.0,10911.0,1336594.0,515077.0,758419.0,1140517.0,377113.0,5514503.0,2170.0,203206.0,63218.0,76164.0,4003.0,45645.0,260862.0,74167.0,2001432.0,1057424.0,2244911.0,1543421.0,997279.0,1039781.0,1682002.0,181743.0,347073.0,2234.0,6460709.0,379977.0,10.0
128,9234.0,280380.0,61184.0,501021.0,396006.0,1231623.0,458477.0,86179.0,640368.0,103816.0,560975.0,6868763.0,864905.0,89202.0,3726382.0,451082.0,13899.0,5841822.0,14344595.0,136867.0,7650.0,1267338.0,477332.0,700078.0,1163790.0,366845.0,5413070.0,2251.0,173938.0,60904.0,71980.0,5170.0,37702.0,261526.0,72719.0,1931727.0,999056.0,2088343.0,1475077.0,900924.0,928542.0,1570306.0,164936.0,323812.0,1849.0,6192837.0,344063.0,14.0
129,9148.0,277384.0,54404.0,457189.0,392062.0,1171817.0,437258.0,82570.0,645020.0,100361.0,479470.0,6447206.0,801538.0,83202.0,3814591.0,423740.0,12974.0,5627357.0,14344236.0,127991.0,8304.0,1204918.0,448741.0,650912.0,1102683.0,350141.0,5223602.0,2552.0,167758.0,56271.0,65596.0,4617.0,34814.0,255153.0,70083.0,2169038.0,994048.0,1968857.0,1531619.0,829504.0,882443.0,1513314.0,156258.0,298810.0,2031.0,6023989.0,326929.0,20.0
130,9087.0,262863.0,47956.0,432499.0,379867.0,1084133.0,377230.0,73092.0,637751.0,103278.0,467229.0,5964771.0,752204.0,72050.0,3760212.0,399690.0,13298.0,5256717.0,13313050.0,115058.0,7600.0,1129763.0,440604.0,576953.0,1116689.0,336316.0,5067834.0,2688.0,143286.0,55996.0,63270.0,3463.0,32663.0,262650.0,63478.0,2092297.0,927874.0,1803932.0,1566625.0,730648.0,822049.0,1409134.0,140398.0,284034.0,1811.0,5808512.0,296263.0,9.0
131,9144.5,254320.0,42492.5,408530.0,377272.0,1014976.5,356116.5,65962.5,632505.5,98285.0,425537.0,5683482.0,729341.0,64802.0,3651597.5,368984.0,13005.5,4974302.5,12859029.0,104716.0,7377.5,1079514.0,428210.5,529803.5,1094721.5,332230.0,4887067.0,2450.0,129422.5,52603.5,55756.0,3623.5,30394.5,262846.0,60884.5,2032133.5,898576.0,1680697.0,1521311.5,684254.5,767521.0,1339765.0,130598.5,258338.5,1792.5,5650358.0,268011.5,16.5
132,9202.0,245777.0,37029.0,384561.0,374677.0,945820.0,335003.0,58833.0,627260.0,93292.0,383845.0,5402193.0,706478.0,57554.0,3542983.0,338278.0,12713.0,4691888.0,12405008.0,94374.0,7155.0,1029265.0,415817.0,482654.0,1072754.0,328144.0,4706300.0,2212.0,115559.0,49211.0,48242.0,3784.0,28126.0,263042.0,58291.0,1971970.0,869278.0,1557462.0,1475998.0,637861.0,712993.0,1270396.0,120799.0,232643.0,1774.0,5492204.0,239760.0,24.0
133,8424.0,229839.0,34575.0,342456.0,352147.0,894062.0,287143.0,54514.0,585187.0,82339.0,335847.0,4897659.0,630611.0,56635.0,3412972.0,306078.0,12849.0,4619495.0,11929475.0,90991.0,6438.0,936543.0,380927.0,430030.0,1026651.0,300415.0,4367930.0,2185.0,108225.0,46520.0,44182.0,3542.0,25327.0,259625.0,52749.0,1955217.0,803506.0,1398692.0,1498949.0,601237.0,664271.0,1154275.0,114312.0,210670.0,1882.0,5549890.0,227884.0,9.0
134,8339.0,225072.0,31212.0,319589.0,327528.0,831200.0,274984.0,50433.0,556613.0,71784.0,310112.0,4454772.0,596581.0,48312.0,3237248.0,299926.0,11822.0,4201225.0,11266457.0,79499.0,6028.0,890386.0,344508.0,395959.0,945959.0,284532.0,4160648.0,1623.0,95368.0,41648.0,39359.0,3402.0,22859.0,256679.0,50021.0,1878115.0,739868.0,1231887.0,1442471.0,548617.0,617217.0,1106700.0,98049.0,181651.0,1348.0,5151547.0,207479.0,15.0
135,6883.0,201327.0,28179.0,284295.0,293817.0,753473.0,237740.0,45461.0,518279.0,69241.0,284189.0,4090809.0,541909.0,40590.0,3081414.0,272624.0,12563.0,3964543.0,10413358.0,71789.0,6125.0,815719.0,335170.0,327383.0,854896.0,277841.0,3916483.0,1325.0,81835.0,38905.0,36457.0,2564.0,21853.0,250690.0,46672.0,1557530.0,691040.0,1099450.0,1320904.0,445259.0,573295.0,1011295.0,89073.0,157456.0,1307.0,4872779.0,191048.0,37.0
136,6251.0,186847.0,24059.0,268321.0,280152.0,701756.0,209237.0,39724.0,491152.0,67091.0,249388.0,3782612.0,496729.0,39362.0,2895254.0,242343.0,13950.0,3701342.0,9723367.0,65787.0,5845.0,813390.0,293353.0,294897.0,895680.0,269911.0,3619561.0,1405.0,71561.0,38479.0,32443.0,2747.0,18032.0,252287.0,43872.0,1527983.0,629600.0,956493.0,1414828.0,420910.0,539735.0,922675.0,75992.0,129239.0,1249.0,4692825.0,169770.0,10.0
137,5832.0,179084.0,22880.0,238506.0,268139.0,657429.0,193497.0,36471.0,465860.0,63655.0,235290.0,3466163.0,454893.0,37979.0,2769399.0,229616.0,11947.0,3499754.0,9230096.0,58041.0,5723.0,716897.0,281584.0,267495.0,854293.0,253287.0,3392421.0,1102.0,62102.0,31941.0,29443.0,2675.0,16216.0,242170.0,42401.0,1572456.0,572820.0,848801.0,1380292.0,389152.0,508842.0,860112.0,71724.0,125108.0,1171.0,4661884.0,159458.0,6.0
138,5644.0,170850.0,17573.0,215824.0,240431.0,609157.0,178450.0,32834.0,428996.0,59479.0,198551.0,3273140.0,435374.0,33674.0,2568310.0,213390.0,10821.0,3287033.0,8770368.0,52184.0,4930.0,651600.0,250312.0,236979.0,761076.0,233816.0,3173445.0,1233.0,56223.0,31152.0,27943.0,2838.0,15994.0,236788.0,39268.0,1131574.0,552089.0,771518.0,1261855.0,339275.0,498161.0,810044.0,66610.0,102123.0,971.0,4349898.0,145513.0,12.0
139,5015.0,157842.0,16659.0,209504.0,228605.0,547295.0,161667.0,29454.0,402462.0,53848.0,177031.0,3003542.0,394791.0,31280.0,2327116.0,207991.0,11272.0,3105972.0,8055901.0,50500.0,4540.0,667173.0,215878.0,209660.0,764074.0,236588.0,2878059.0,793.0,54373.0,29240.0,23996.0,3034.0,12924.0,236944.0,34907.0,1250084.0,505248.0,717765.0,1233411.0,316587.0,472027.0,746645.0,59111.0,91486.0,993.0,4112337.0,133736.0,58.0
140,4805.0,148487.0,14943.0,185386.0,206529.0,499786.0,147749.0,24517.0,359891.0,52354.0,156169.0,2738039.0,359834.0,29143.0,2125080.0,186096.0,11141.0,2806692.0,7300981.0,41790.0,4207.0,600778.0,201410.0,190935.0,692622.0,219937.0,2661319.0,1194.0,45898.0,25613.0,21211.0,3015.0,12494.0,227465.0,31375.0,1315237.0,461619.0,597463.0,1158775.0,288447.0,449389.0,688947.0,52936.0,79786.0,1031.0,3779165.0,122016.0,5.0
141,4583.0,140345.0,14088.0,168798.0,190779.0,478385.0,140213.0,23780.0,335961.0,47762.0,143298.0,2534417.0,327260.0,26133.0,1938525.0,173473.0,10164.0,2643593.0,6697583.0,37898.0,4373.0,565548.0,185748.0,169773.0,639359.0,211556.0,2436840.0,817.0,39211.0,25267.0,19720.0,2490.0,11390.0,217592.0,28845.0,1276444.0,423540.0,549322.0,1105845.0,270613.0,428909.0,641508.0,48997.0,73715.0,742.0,3530668.0,109465.0,2.0
142,3291.0,131597.0,11403.0,152814.0,177928.0,431024.0,126364.0,19632.0,302311.0,46877.0,131953.0,2347093.0,310245.0,25903.0,1786432.0,166700.0,8789.0,2428262.0,6288640.0,34300.0,4056.0,500852.0,167102.0,156833.0,606707.0,202861.0,2254663.0,702.0,34942.0,22480.0,18631.0,2485.0,11775.0,211139.0,26735.0,882978.0,394997.0,505075.0,1043163.0,245939.0,412235.0,586765.0,43314.0,66276.0,770.0,3332873.0,99086.0,6.0
143,3979.0,123322.0,9739.0,138255.0,168229.0,398800.0,116335.0,18331.0,285542.0,43441.0,124025.0,2154653.0,292473.0,21081.0,1686762.0,156289.0,9082.0,2336892.0,5728675.0,34506.0,2852.0,449324.0,151373.0,136275.0,574731.0,198478.0,2008324.0,784.0,32274.0,19718.0,15505.0,1952.0,9173.0,210497.0,25472.0,1038973.0,381370.0,464801.0,999842.0,214586.0,393638.0,561566.0,41246.0,56838.0,953.0,3105666.0,96385.0,6.0
