,Alabama,Alaska,Arizona,Arkansas,California,Colorado,Connecticut,Delaware,Florida,Georgia,Hawaii,Idaho,Illinois,Indiana,Iowa,Kansas,Kentucky,Louisiana,Maine,Maryland,Massachusetts,Michigan,Minnesota,Mississippi,Missouri,Montana,Nebraska,Nevada,New Hampshire,New Jersey,New Mexico,New York,North Carolina,North Dakota,Ohio,Oklahoma,Oregon,Pennsylvania,Rhode Island,South Carolina,South Dakota,Tennessee,Texas,Utah,Vermont,Virginia,Washington,West Virginia,Wisconsin,Wyoming
0,513876.0,111978.0,1390618.0,542263.0,9408017.0,1445112.0,627049.0,91965.0,3714884.0,4722398.0,227827.0,137209.0,3231030.0,973876.0,382157.0,1085330.0,572072.0,905609.0,262801.0,2406421.0,1611009.0,1853065.0,910772.0,329626.0,1164418.0,129824.0,303760.0,496095.0,259917.0,3317730.0,235240.0,4742854.0,1777924.0,42355.0,2427850.0,540824.0,773311.0,2574562.0,296410.0,829892.0,143872.0,1230982.0,6238849.0,510299.0,109591.0,3166917.0,2901997.0,175659.0,961185.0,95575.0
1,528167.0,111991.0,1392552.0,547541.0,9273588.0,1463639.0,626964.0,96878.0,3758689.0,4538296.0,222758.0,139374.0,3309478.0,988024.0,436145.0,1051198.0,586606.0,912269.0,261161.0,2407214.0,1619271.0,1865971.0,922199.0,329654.0,1186144.0,131713.0,301176.0,493818.0,272037.0,3316821.0,235595.0,4808437.0,1780764.0,42541.0,2455574.0,535553.0,753542.0,2568459.0,301278.0,826577.0,147874.0,1234902.0,6656774.0,521368.0,115473.0,3255316.0,2874373.0,176684.0,963179.0,93852.0
2,544276.0,114786.0,1376186.0,551344.0,9225674.0,1454227.0,639408.0,95606.0,3831273.0,4535189.0,227134.0,142100.0,3288635.0,997997.0,314836.0,1064761.0,586333.0,919204.0,287571.0,2463224.0,1679532.0,1921513.0,928106.0,334241.0,1189611.0,131534.0,303537.0,495489.0,276927.0,3385250.0,240295.0,4887578.0,1792634.0,40066.0,2538657.0,497972.0,750073.0,2622959.0,308595.0,784219.0,150621.0,1247005.0,6635836.0,488671.0,119864.0,3338971.0,2893064.0,176139.0,993531.0,94059.0
3,548590.0,115890.0,1367700.0,556509.0,9323078.0,1454420.0,667558.0,102777.0,3886263.0,4441190.0,226298.0,139186.0,3330455.0,1029213.0,339140.0,1055126.0,602688.0,936498.0,291340.0,2498800.0,1713175.0,1948902.0,945008.0,331001.0,1203508.0,131451.0,312293.0,499077.0,280120.0,3485640.0,238797.0,4977398.0,1853011.0,44345.0,2558525.0,500735.0,748959.0,2695934.0,315366.0,809610.0,156166.0,1277466.0,6746804.0,499196.0,121934.0,3401635.0,2923342.0,185038.0,990516.0,96041.0
4,566155.0,113370.0,1340635.0,557160.0,9128029.0,1444525.0,692420.0,99904.0,3898371.0,4685476.0,229530.0,138278.0,3365320.0,1034917.0,355445.0,1051108.0,609487.0,929930.0,294496.0,2526201.0,1743846.0,1944037.0,954565.0,334950.0,1204299.0,132731.0,299090.0,478458.0,287350.0,3507917.0,241230.0,5050012.0,1900708.0,42584.0,2595844.0,553645.0,730940.0,2750846.0,316774.0,839494.0,147586.0,1265376.0,6595442.0,490181.0,129443.0,3456300.0,2868087.0,194621.0,996300.0,95877.0
5,568795.0,115590.0,1347323.0,572432.0,9229269.0,1479723.0,709883.0,106003.0,4005212.0,4763204.0,229621.0,136291.0,3449963.0,1052444.0,443335.0,1075577.0,627575.0,946625.0,302310.0,2610324.0,1813833.0,1985638.0,973886.0,340789.0,1234624.0,123372.0,311625.0,480938.0,293641.0,3562858.0,239810.0,5214571.0,1971268.0,42361.0,2611844.0,554960.0,720710.0,2827748.0,333836.0,854910.0,152438.0,1287608.0,6682481.0,494986.0,129051.0,3556329.0,2937090.0,190094.0,1028920.0,92287.0
6,581929.0,114100.0,1351602.0,578680.0,9160663.0,1449785.0,727489.0,106645.0,4047028.0,4860980.0,224105.0,135782.0,3467159.0,1059695.0,438014.0,1145428.0,625804.0,961613.0,313110.0,2640358.0,1847389.0,1982095.0,986257.0,348438.0,1253144.0,126351.0,320816.0,481687.0,307904.0,3658309.0,236516.0,5319861.0,2005505.0,43804.0,2659991.0,541288.0,719550.0,2888298.0,352124.0,865525.0,160124.0,1311123.0,6678034.0,498936.0,130707.0,3625523.0,2947573.0,196500.0,1007218.0,96264.0
7,593166.0,108393.0,1323283.0,585708.0,9127911.0,1463584.0,726848.0,106681.0,4032194.0,5148146.0,235779.0,137231.0,3534630.0,1081149.0,445684.0,1123259.0,651096.0,959651.0,308786.0,2657355.0,1845206.0,1986026.0,998325.0,351313.0,1247419.0,145156.0,319707.0,481930.0,299260.0,3663657.0,242069.0,5360747.0,2027220.0,46243.0,2699297.0,556773.0,728840.0,2898522.0,342277.0,876401.0,155255.0,1330938.0,6731406.0,495531.0,134097.0,3650854.0,2968032.0,199585.0,1039596.0,95420.0
8,599422.0,109125.0,1345922.0,613845.0,9052865.0,1486336.0,738010.0,110407.0,4068935.0,5069477.0,231893.0,135133.0,3563126.0,1108155.0,451685.0,1133215.0,649828.0,993863.0,307491.0,2683628.0,1858029.0,1993871.0,1008977.0,357312.0,1292281.0,137266.0,323759.0,481635.0,297261.0,3709325.0,240875.0,5426403.0,2036730.0,46889.0,2751694.0,579294.0,740166.0,2943985.0,343789.0,894383.0,163620.0,1363308.0,6855763.0,489477.0,129528.0,3693340.0,2988074.0,193546.0,1056111.0,100346.0
9,624277.0,109778.0,1352601.0,617233.0,9098472.0,1511515.0,752825.0,110786.0,4138004.0,4999930.0,235836.0,137945.0,3678206.0,1130787.0,399077.0,1161087.0,687438.0,1031142.0,314995.0,2765056.0,1861044.0,2038525.0,1051742.0,370854.0,1324708.0,131551.0,339054.0,491903.0,299427.0,3804505.0,250161.0,5564192.0,2095161.0,45757.0,2823410.0,595408.0,738731.0,2993926.0,355910.0,946559.0,166359.0,1392721.0,7078006.0,503344.0,134243.0,3873652.0,2988920.0,201103.0,1081406.0,100221.0
10,626059.0,110454.0,1359746.0,623412.0,8960338.0,1507151.0,748923.0,112424.0,4127399.0,4932934.0,232568.0,141638.0,3713347.0,1126369.0,403347.0,1146050.0,677923.0,1047197.0,308726.0,2690542.0,1894605.0,2002455.0,1075449.0,376848.0,1347715.0,138069.0,336929.0,487471.0,299447.0,3752106.0,242764.0,5471897.0,2043565.0,48586.0,2823409.0,604330.0,734216.0,2961814.0,345401.0,930679.0,171711.0,1418500.0,6994793.0,496274.0,131884.0,3771749.0,2997133.0,200632.0,1101407.0,101632.0
11,636855.0,109150.0,1350800.0,626832.0,8994003.0,1506892.0,739833.0,111097.0,4048607.0,5013923.0,241476.0,141573.0,3806955.0,1128888.0,384511.0,1161815.0,694978.0,1064259.0,298791.0,2661306.0,1877025.0,2010297.0,1088180.0,383565.0,1382758.0,142263.0,361928.0,486833.0,284246.0,3683038.0,238464.0,5462223.0,1993288.0,47325.0,2795382.0,607363.0,747559.0,2912228.0,333471.0,922351.0,171725.0,1423439.0,7242414.0,511750.0,125103.0,3844609.0,3065743.0,199294.0,1127288.0,101721.0
12,635904.0,110557.0,1361211.0,631238.0,9083484.0,1545830.0,730271.0,106632.0,4015074.0,5104707.0,236275.0,141945.0,3821226.0,1119907.0,443425.0,1176243.0,679478.0,1069723.0,275831.0,2613603.0,1817571.0,1983212.0,1112819.0,386110.0,1401407.0,137308.0,357179.0,482713.0,284479.0,3755668.0,247078.0,5457410.0,1995796.0,46680.0,2783364.0,617924.0,757526.0,2902820.0,337280.0,934907.0,180296.0,1431382.0,7416177.0,506011.0,123959.0,3854604.0,2998801.0,202754.0,1142092.0,100657.0
13,643730.0,110053.0,1349038.0,639928.0,9140279.0,1590166.0,724362.0,109067.0,4048292.0,5044304.0,246152.0,142877.0,4035228.0,1133390.0,391180.0,1218905.0,694792.0,1116225.0,273246.0,2646684.0,1832648.0,1974163.0,1161202.0,402820.0,1444241.0,148499.0,366642.0,486797.0,276386.0,3811465.0,265249.0,5505977.0,1959661.0,48040.0,2759916.0,620789.0,765426.0,2872451.0,326947.0,900748.0,181806.0,1438453.0,7418675.0,521744.0,121520.0,3755000.0,3092644.0,197799.0,1170158.0,107456.0
14,644821.0,112463.0,1365562.0,648602.0,9135354.0,1632843.0,707629.0,103204.0,3977598.0,4703254.0,238243.0,143413.0,4106753.0,1108928.0,448357.0,1216929.0,683745.0,1117563.0,263388.0,2613472.0,1823178.0,1955593.0,1196291.0,404405.0,1452883.0,148436.0,379787.0,485974.0,267547.0,3740837.0,257785.0,5464102.0,1903817.0,51473.0,2739722.0,648773.0,767426.0,2809717.0,331639.0,887764.0,191416.0,1437971.0,7567957.0,524962.0,116561.0,3682578.0,3142321.0,184753.0,1175153.0,106134.0
15,648668.0,112245.0,1361585.0,625876.0,9165424.0,1638249.0,679573.0,96773.0,3881657.0,4810524.0,231760.0,149846.0,4030236.0,1072056.0,444218.0,1211587.0,656263.0,1111656.0,240621.0,2518300.0,1701903.0,1876831.0,1191798.0,399549.0,1451345.0,151350.0,371691.0,489281.0,240020.0,3624098.0,264316.0,5256914.0,1870352.0,51796.0,2658982.0,655865.0,774995.0,2713280.0,316463.0,883029.0,191587.0,1415739.0,7584480.0,522760.0,104174.0,3716439.0,3185460.0,190795.0,1159399.0,105464.0
16,646418.0,112177.0,1402588.0,624723.0,9410413.0,1681515.0,648488.0,100795.0,3773129.0,4573492.0,240372.0,152942.0,4017828.0,1032192.0,432926.0,1208604.0,661260.0,1108728.0,238354.0,2464524.0,1650482.0,1815001.0,1203704.0,400940.0,1455395.0,155717.0,388092.0,489251.0,236194.0,3578774.0,274871.0,5172241.0,1812292.0,52412.0,2614533.0,669592.0,784836.0,2648486.0,299086.0,843481.0,194207.0,1382407.0,7457661.0,541044.0,98695.0,3583799.0,3227933.0,175467.0,1136582.0,109080.0
17,622719.0,120147.0,1403236.0,600187.0,9521512.0,1690671.0,626612.0,92893.0,3649589.0,4469753.0,241892.0,155168.0,3958318.0,995037.0,435237.0,1216925.0,636829.0,1105932.0,213876.0,2376745.0,1581674.0,1730063.0,1181702.0,392106.0,1415011.0,160421.0,386938.0,494840.0,227235.0,3464567.0,282853.0,5002992.0,1734779.0,53482.0,2470144.0,667295.0,791739.0,2497249.0,286482.0,812723.0,200474.0,1348383.0,7444464.0,549789.0,94507.0,3650612.0,3221964.0,170384.0,1133602.0,117477.0
18,614103.0,117328.0,1405895.0,586844.0,9511067.0,1677781.0,586904.0,92089.0,3527604.0,4377521.0,237831.0,152275.0,3800343.0,959312.0,431082.0,1185648.0,600011.0,1072975.0,207450.0,2312066.0,1524846.0,1660148.0,1155757.0,378992.0,1377462.0,162731.0,376958.0,482256.0,216132.0,3360975.0,281411.0,4885080.0,1669699.0,53148.0,2393280.0,644109.0,808174.0,2418396.0,284025.0,779768.0,195256.0,1329961.0,7382179.0,532002.0,91552.0,3936705.0,3271624.0,165830.0,1085935.0,118189.0
19,599793.0,115770.0,1447170.0,577564.0,9720369.0,1677679.0,564927.0,88254.0,3457675.0,4277517.0,238012.0,159598.0,3774672.0,943471.0,395765.0,1178166.0,590720.0,1061986.0,195194.0,2235040.0,1429295.0,1609283.0,1164491.0,377732.0,1377237.0,166150.0,368023.0,493639.0,202347.0,3305491.0,278532.0,4774626.0,1617447.0,52483.0,2326998.0,636586.0,812061.0,2338056.0,265217.0,752950.0,197408.0,1286269.0,7392057.0,545481.0,84243.0,3549163.0,3232169.0,165429.0,1062976.0,117040.0
20,573118.0,116191.0,1468306.0,541011.0,9718411.0,1724370.0,534774.0,81834.0,3287580.0,4126795.0,237971.0,166887.0,3754344.0,888142.0,427074.0,1175533.0,557478.0,1037070.0,178024.0,2091955.0,1319692.0,1520359.0,1124904.0,369631.0,1328003.0,171963.0,361677.0,498410.0,184929.0,3155839.0,288066.0,4519303.0,1515955.0,50914.0,2205597.0,622507.0,824539.0,2204743.0,249827.0,713238.0,193223.0,1252815.0,7582594.0,585533.0,78108.0,3404316.0,3292580.0,153126.0,1004863.0,118418.0
21,566261.0,123445.0,1465026.0,540404.0,10082652.0,1717122.0,506716.0,78895.0,3197544.0,4021456.0,238986.0,171621.0,3652438.0,863281.0,387084.0,1146983.0,546044.0,1009794.0,172198.0,2073835.0,1298840.0,1495103.0,1077441.0,373240.0,1318531.0,174437.0,355881.0,508233.0,180480.0,3063124.0,289028.0,4393709.0,1470786.0,51443.0,2131587.0,614865.0,831881.0,2149905.0,236763.0,693789.0,191852.0,1207296.0,7206826.0,587984.0,72977.0,3318235.0,3347851.0,147403.0,985142.0,120086.0
22,549915.0,124927.0,1483631.0,522027.0,10083102.0,1703862.0,478701.0,75305.0,3080691.0,3848065.0,237528.0,171475.0,3527543.0,810664.0,363505.0,1130753.0,525581.0,987125.0,158917.0,1982728.0,1236999.0,1418400.0,1055592.0,357191.0,1272007.0,178367.0,345144.0,525333.0,169090.0,2931352.0,287474.0,4238334.0,1393067.0,47712.0,2016962.0,591307.0,870304.0,2042221.0,220680.0,656798.0,188226.0,1171262.0,7257449.0,604182.0,67787.0,3282721.0,3223933.0,139689.0,957996.0,116128.0
23,518311.0,124327.0,1482355.0,485365.0,10260978.0,1653223.0,458316.0,72752.0,2908871.0,3710037.0,242992.0,167694.0,3337396.0,772673.0,359015.0,1094047.0,490565.0,957279.0,150369.0,1853048.0,1146935.0,1347452.0,997773.0,343739.0,1201065.0,172832.0,327074.0,523144.0,156555.0,2792935.0,277204.0,3692912.0,1317883.0,47426.0,1918618.0,572737.0,880055.0,1924975.0,216074.0,625849.0,176856.0,1102179.0,7058863.0,604536.0,64598.0,3281772.0,3342854.0,129936.0,899243.0,120719.0
24,494732.0,123173.0,1458179.0,465612.0,10550537.0,1610835.0,428369.0,70381.0,2782605.0,3537454.0,235280.0,169376.0,3291656.0,735581.0,374891.0,1056526.0,465707.0,901865.0,137741.0,1763567.0,1097294.0,1285856.0,949160.0,321771.0,1142538.0,168182.0,303314.0,517409.0,147761.0,2629459.0,272934.0,3815324.0,1266381.0,46062.0,1845338.0,556670.0,879393.0,1818881.0,195947.0,606692.0,169932.0,1051333.0,6642065.0,587934.0,59805.0,3177655.0,3375713.0,122678.0,848296.0,112332.0
25,481492.0,123318.0,1507118.0,453997.0,10809085.0,1594968.0,412630.0,67051.0,2689232.0,3382664.0,239885.0,168275.0,3282619.0,708171.0,334407.0,1020748.0,448915.0,874177.0,132549.0,1695120.0,1036213.0,1230910.0,902168.0,315895.0,1106064.0,167416.0,297491.0,535808.0,138986.0,2557548.0,270488.0,3683283.0,1223824.0,44989.0,1747053.0,544394.0,900070.0,1757990.0,190115.0,588693.0,160724.0,1020564.0,6433499.0,602986.0,57520.0,3046757.0,3333040.0,122142.0,805932.0,114215.0
26,457105.0,129993.0,1488781.0,420160.0,10925121.0,1547551.0,376243.0,63361.0,2501124.0,3264062.0,244865.0,166129.0,3331664.0,654748.0,277694.0,992516.0,425936.0,833507.0,122624.0,1587143.0,970352.0,1161465.0,858687.0,302683.0,1052683.0,160283.0,278983.0,536821.0,128829.0,2409759.0,263355.0,3424174.0,1094626.0,40597.0,1627311.0,492423.0,920949.0,1641570.0,177750.0,520098.0,152623.0,957635.0,6189750.0,584784.0,54352.0,2944422.0,3288990.0,115575.0,753677.0,107270.0
27,427150.0,132636.0,1464195.0,397331.0,10940531.0,1504391.0,346311.0,58040.0,2350253.0,3076985.0,241655.0,165643.0,3041941.0,616311.0,284417.0,945632.0,406594.0,791659.0,111258.0,1503232.0,900055.0,1087941.0,794991.0,287728.0,997128.0,157194.0,265026.0,535125.0,120754.0,2274285.0,249026.0,3218852.0,1034065.0,40114.0,1529278.0,478471.0,912802.0,1556829.0,161337.0,495173.0,136884.0,905661.0,5790377.0,577350.0,45215.0,2923614.0,3390786.0,107722.0,716172.0,101406.0
28,404582.0,135397.0,1455681.0,383599.0,10823200.0,1397625.0,325921.0,52394.0,2197961.0,3027907.0,242861.0,155569.0,3041401.0,585136.0,266116.0,907726.0,372454.0,736285.0,104178.0,1355858.0,828751.0,1024531.0,756036.0,272455.0,944968.0,151648.0,245203.0,532413.0,113531.0,2126394.0,237842.0,3027821.0,970939.0,38109.0,1445464.0,451062.0,932636.0,1410413.0,144769.0,472229.0,128586.0,846164.0,5705357.0,561022.0,43050.0,2859035.0,3427546.0,103226.0,662261.0,98648.0
29,388686.0,137902.0,1404505.0,355868.0,10882297.0,1338963.0,304725.0,51214.0,2078820.0,2802058.0,242108.0,144679.0,2876208.0,544648.0,216113.0,870467.0,351690.0,703856.0,99683.0,1315321.0,756119.0,956040.0,715301.0,257164.0,888268.0,141629.0,232971.0,527561.0,98957.0,1974956.0,222952.0,2862069.0,888187.0,34674.0,1336639.0,437843.0,903934.0,1324822.0,136504.0,430990.0,121720.0,805024.0,5374672.0,535592.0,39439.0,2702050.0,3395845.0,93313.0,617767.0,95891.0
30,369570.0,142286.0,1366929.0,342096.0,10609490.0,1283739.0,278019.0,45687.0,1944529.0,2679343.0,241968.0,138743.0,2781465.0,513202.0,253386.0,813111.0,326742.0,668563.0,87424.0,1239715.0,716467.0,906667.0,660061.0,243012.0,858952.0,133032.0,217029.0,519925.0,94705.0,1861004.0,214041.0,2674771.0,862446.0,30643.0,1263016.0,412600.0,979484.0,1247149.0,124452.0,431375.0,116165.0,753444.0,5261287.0,520541.0,37663.0,2784368.0,3318255.0,87186.0,591032.0,88068.0
31,351614.0,136792.0,1354810.0,319965.0,10821815.0,1238348.0,263911.0,46760.0,1837251.0,2527132.0,248922.0,135774.0,2516933.0,496236.0,211498.0,784968.0,311305.0,638305.0,81690.0,1172238.0,659155.0,851180.0,625092.0,248265.0,803834.0,123538.0,203576.0,525732.0,92903.0,1769705.0,208605.0,2538665.0,825107.0,29450.0,1211840.0,399413.0,952980.0,1186206.0,118088.0,395821.0,108758.0,713893.0,4987603.0,503660.0,35794.0,2680679.0,3338154.0,83094.0,550981.0,82704.0
32,338956.0,140685.0,1322700.0,305824.0,10656527.0,1163842.0,248814.0,43872.0,1748952.0,2457161.0,258214.0,131829.0,2167057.0,470510.0,238674.0,755480.0,299778.0,607093.0,77539.0,1096657.0,623520.0,810161.0,583748.0,233368.0,765868.0,119016.0,187213.0,512748.0,88465.0,1655602.0,196378.0,2399497.0,788222.0,26891.0,1145504.0,381572.0,862553.0,1103243.0,115071.0,385800.0,97587.0,676477.0,4600475.0,474727.0,35069.0,2507006.0,3195800.0,79139.0,516707.0,78588.0
33,316764.6666666667,143031.33333333334,1266582.0,287163.0,10318447.666666666,1094451.0,233326.3333333333,41206.0,1648032.0,2342341.6666666665,265747.3333333333,124459.33333333331,2059281.3333333333,445696.0,211175.0,725973.6666666666,284231.6666666667,574583.3333333334,73214.66666666667,1037309.0,587520.6666666666,764096.0,549411.0,219850.3333333333,724218.0,112304.0,177417.33333333334,497449.6666666667,82466.33333333333,1564745.3333333333,185771.3333333333,2252228.6666666665,732510.0,25713.33333333333,1076106.3333333333,352651.6666666667,829905.3333333334,1043525.3333333334,104507.0,348802.0,93589.0,638371.6666666666,4457300.0,447061.0,32509.33333333333,2449617.333333333,3071874.6666666665,75050.66666666667,486764.6666666667,74497.0
34,294573.3333333333,145377.66666666666,1210464.0,268502.0,9980368.333333334,1025060.0,217838.66666666663,38540.0,1547112.0,2227522.333333333,273280.6666666667,117089.66666666669,1951505.6666666667,420882.0,183676.0,696467.3333333334,268685.3333333333,542073.6666666666,68890.33333333333,977961.0,551521.3333333334,718031.0,515074.0,206332.66666666663,682568.0,105592.0,167621.66666666666,482151.3333333333,76467.66666666667,1473888.6666666667,175164.66666666666,2104960.333333333,676798.0,24535.666666666668,1006708.6666666666,323731.3333333333,797257.6666666666,983807.6666666666,93943.0,311804.0,89591.0,600266.3333333334,4314125.0,419395.0,29949.666666666668,2392228.6666666665,2947949.333333333,70962.33333333333,456822.3333333333,70406.0
35,272382.0,147724.0,1154346.0,249841.0,9642289.0,955669.0,202351.0,35874.0,1446192.0,2112703.0,280814.0,109720.0,1843730.0,396068.0,156177.0,666961.0,253139.0,509564.0,64566.0,918613.0,515522.0,671966.0,480737.0,192815.0,640918.0,98880.0,157826.0,466853.0,70469.0,1383032.0,164558.0,1957692.0,621086.0,23358.0,937311.0,294811.0,764610.0,924090.0,83379.0,274806.0,85593.0,562161.0,4170950.0,391729.0,27390.0,2334840.0,2824024.0,66874.0,426880.0,66315.0
36,264564.0,143910.0,1087994.0,239745.0,9381832.0,910656.0,187812.0,29842.0,1370145.0,2049241.0,278617.0,100711.0,1767446.0,378866.0,176744.0,615220.0,240847.0,476377.0,60551.0,881979.0,483850.0,638337.0,452370.0,180725.0,604588.0,88123.0,151186.0,453830.0,68097.0,1294980.0,154763.0,1837901.0,613247.0,21904.0,895889.0,299668.0,743734.0,878334.0,86663.0,295774.0,75894.0,528505.0,3829372.0,400936.0,25940.0,2271602.0,2832924.0,65032.0,404005.0,59060.0
37,251127.0,143034.0,1051905.0,226544.0,9018886.0,879186.0,173355.0,32464.0,1293515.0,1923221.0,282487.0,92755.0,1719657.0,360871.0,178483.0,581904.0,226369.0,450024.0,57554.0,850427.0,454571.0,596249.0,422496.0,169419.0,575513.0,85932.0,142379.0,439220.0,60774.0,1206984.0,150000.0,1854899.0,582879.0,21268.0,845963.0,288640.0,698195.0,839409.0,79128.0,286813.0,71394.0,492020.0,3668312.0,386474.0,27983.0,2228123.0,2597677.0,61594.0,390440.0,55105.0
38,236844.0,137307.0,997805.0,213510.0,8612708.0,804676.0,169138.0,28731.0,1200651.0,1842760.0,302483.0,85329.0,1594777.0,342693.0,141929.0,549435.0,216686.0,421271.0,51506.0,785734.0,431760.0,556204.0,395253.0,161275.0,541232.0,80862.0,130826.0,430497.0,60623.0,1138756.0,138601.0,1719137.0,545219.0,19940.0,818605.0,258585.0,666449.0,783478.0,73044.0,264907.0,67963.0,473582.0,3449964.0,351150.0,24471.0,2116173.0,2661510.0,58554.0,351101.0,52235.0
39,219209.0,140466.0,940696.0,201804.0,8225260.0,765735.0,157538.0,29831.0,1165038.0,1782776.0,304209.0,81656.0,1617776.0,308510.0,171119.0,528480.0,204060.0,403555.0,50501.0,751164.0,414736.0,532489.0,365711.0,150431.0,505289.0,73778.0,118526.0,421016.0,53310.0,1071192.0,128020.0,1615070.0,532548.0,19647.0,772543.0,259719.0,625814.0,748459.0,72726.0,266222.0,64634.0,451288.0,3365071.0,326674.0,22513.0,2034055.0,2605284.0,56653.0,330404.0,48195.0
40,213036.0,136556.0,893016.0,190756.0,7882992.0,718336.0,148609.0,26308.0,1080865.0,1710169.0,309243.0,76236.0,1418247.0,303953.0,151033.0,496989.0,195197.0,374733.0,48615.0,717321.0,394325.0,500571.0,350041.0,146983.0,481146.0,68957.0,115420.0,392449.0,54594.0,1012794.0,118441.0,1528351.0,506368.0,17122.0,735881.0,237957.0,607559.0,706520.0,72125.0,248622.0,58244.0,414651.0,3214607.0,310960.0,23316.0,2016218.0,2447267.0,51674.0,313421.0,47971.0
41,191556.0,127888.0,864761.0,180330.0,7731192.0,673556.0,144082.0,23402.0,1049443.0,1607402.0,306883.0,69834.0,1368036.0,287731.0,117760.0,468064.0,181480.0,362553.0,45683.0,680796.0,372913.0,489859.0,327943.0,135823.0,463222.0,64024.0,112024.0,382962.0,51181.0,959745.0,111316.0,1420262.0,450718.0,16036.0,700743.0,214005.0,556857.0,676987.0,68019.0,215046.0,57210.0,404895.0,3088090.0,292132.0,20669.0,1983606.0,2331818.0,48780.0,295903.0,43046.0
42,185071.0,129939.0,810458.0,173112.0,7390616.0,628268.0,136072.0,22324.0,999817.0,1600392.0,313495.0,63844.0,1234646.0,279278.0,147517.0,444505.0,171560.0,346409.0,46881.0,654290.0,356455.0,471347.0,310040.0,131836.0,438950.0,58669.0,104772.0,364386.0,49696.0,908092.0,103668.0,1358715.0,469749.0,13770.0,679371.0,227355.0,533354.0,662816.0,60877.0,247256.0,52097.0,381497.0,2959617.0,274813.0,19301.0,1914716.0,2214050.0,50273.0,278640.0,39010.0
43,174044.0,120530.0,775030.0,169032.0,6865505.0,610756.0,137505.0,23474.0,964651.0,1567580.0,324294.0,63463.0,1336242.0,279854.0,109364.0,425703.0,173867.0,327924.0,47525.0,650207.0,369616.0,462872.0,301094.0,123933.0,425179.0,58974.0,99605.0,356323.0,49861.0,872910.0,95068.0,1359296.0,450524.0,14783.0,676764.0,204172.0,516700.0,654864.0,60238.0,216367.0,51995.0,373430.0,3035568.0,251709.0,19179.0,1916926.0,2195933.0,47842.0,277635.0,39621.0
44,167564.0,119856.0,743115.0,161336.0,6753908.0,586742.0,136146.0,21989.0,925345.0,1456142.0,320895.0,55790.0,1209722.0,275740.0,116306.0,408381.0,164034.0,317817.0,44988.0,630624.0,355496.0,442393.0,281041.0,122828.0,406609.0,52557.0,93400.0,342091.0,48713.0,836909.0,94137.0,1291236.0,428065.0,14613.0,649554.0,191545.0,484664.0,618022.0,57378.0,209114.0,49464.0,357419.0,2800976.0,255238.0,19060.0,1901277.0,2111788.0,45503.0,261699.0,37675.0
45,164319.0,115246.0,705052.0,155330.0,6433663.0,548877.0,128059.0,21817.0,885546.0,1431675.0,330394.0,53968.0,1104458.0,258825.0,104960.0,386322.0,167106.0,295424.0,45940.0,601932.0,344157.0,423625.0,268945.0,115693.0,389531.0,49463.0,89634.0,330038.0,47860.0,799906.0,88210.0,1256988.0,417708.0,13234.0,624916.0,175618.0,459595.0,610190.0,55185.0,183893.0,48893.0,339318.0,2465393.0,226358.0,17886.0,1871365.0,1986263.0,42355.0,246871.0,34529.0
46,156698.0,107734.0,670823.0,151622.0,5858216.0,522576.0,121981.0,22840.0,849139.0,1404240.0,318635.0,51875.0,1181311.0,247384.0,91137.0,366936.0,149278.0,282551.0,41708.0,585871.0,328555.0,411406.0,257955.0,107072.0,375735.0,45831.0,87055.0,309310.0,45269.0,757470.0,80645.0,1200523.0,389308.0,11899.0,596854.0,177753.0,426831.0,571484.0,53787.0,180912.0,43715.0,321915.0,2358270.0,206240.0,17120.0,1865477.0,2012014.0,42737.0,241425.0,32502.0
47,147526.0,99644.0,618723.0,143435.0,5492978.0,493064.0,115673.0,23300.0,801261.0,1630556.0,316718.0,47806.0,1151455.0,241198.0,111953.0,344321.0,147385.0,273851.0,39287.0,560232.0,315918.0,402879.0,248890.0,104445.0,358858.0,43097.0,85449.0,298663.0,43755.0,726807.0,76054.0,1140823.0,389585.0,11637.0,581239.0,179569.0,401991.0,556584.0,51139.0,201221.0,45260.0,308098.0,2393862.0,195524.0,16607.0,1904893.0,1891646.0,40278.0,228453.0,31424.0
48,149787.0,98292.0,596995.0,136107.0,5437581.0,481262.0,118233.0,22201.0,778341.0,1368087.0,312445.0,44500.0,1136930.0,235846.0,92918.0,325617.0,144392.0,264392.0,41261.0,557919.0,320733.0,386597.0,234247.0,103668.0,351341.0,40512.0,78856.0,291321.0,44626.0,691579.0,73624.0,1125735.0,364109.0,13012.0,573609.0,179349.0,385705.0,553655.0,51839.0,186473.0,42062.0,304289.0,2183053.0,200916.0,18396.0,1817021.0,1916206.0,40556.0,222208.0,29281.0
49,140959.0,90506.0,570387.0,136656.0,4925811.0,457424.0,118324.0,20511.0,787611.0,1457930.0,305492.0,41001.0,1042081.0,234044.0,138622.0,309136.0,140807.0,260796.0,43897.0,557721.0,318041.0,391001.0,238784.0,98917.0,342025.0,37949.0,78643.0,276536.0,44536.0,694569.0,69494.0,1133016.0,411232.0,12710.0,574220.0,144379.0,365251.0,560615.0,53463.0,200615.0,42487.0,302179.0,2240501.0,196570.0,17428.0,1943727.0,1595918.0,38186.0,214908.0,28856.0
50,137975.0,83168.0,535727.0,131115.0,5019900.0,434420.0,115101.0,20464.0,753972.0,1380490.0,303760.0,41332.0,957877.0,228132.0,97438.0,306407.0,137343.0,250699.0,42878.0,526581.0,311733.0,381505.0,229220.0,94957.0,333986.0,37328.0,77345.0,269809.0,46532.0,669381.0,64772.0,1111049.0,387584.0,12406.0,559957.0,140743.0,353322.0,536865.0,49498.0,206247.0,40346.0,286591.0,2038248.0,179075.0,17469.0,1863749.0,1804451.0,39818.0,210359.0,26238.0
51,129682.0,79051.0,503140.0,129794.0,4657079.0,423664.0,112851.0,21254.0,728990.0,1413129.0,288905.0,40598.0,899028.0,224623.0,114932.0,290411.0,138198.0,236672.0,43387.0,558480.0,315553.0,376253.0,221221.0,87705.0,323410.0,37404.0,73136.0,247957.0,44302.0,670417.0,61931.0,1094770.0,374679.0,10583.0,561497.0,135574.0,323909.0,552923.0,50830.0,204149.0,37853.0,277787.0,1979471.0,164451.0,17529.0,1881045.0,1705039.0,38786.0,200293.0,27158.0
52,128058.0,73213.0,482609.0,128939.0,4120662.0,401127.0,113941.0,20989.0,733597.0,1319553.0,273444.0,36466.0,1070608.0,217104.0,78029.0,281906.0,135748.0,231215.0,45290.0,535827.0,313183.0,368460.0,218446.0,89236.0,319548.0,34702.0,72813.0,233941.0,45653.0,656500.0,61527.0,1089696.0,342602.0,11764.0,551068.0,174937.0,315457.0,542976.0,51457.0,165887.0,36144.0,272355.0,2263240.0,156396.0,18681.0,1838423.0,1591234.0,39575.0,201567.0,25133.0
53,122438.0,73720.0,460175.0,125566.0,4110298.0,386542.0,117049.0,21601.0,723759.0,1347344.0,264761.0,37224.0,995361.0,223106.0,109929.0,271374.0,133309.0,227576.0,45205.0,543235.0,325265.0,369570.0,208640.0,84754.0,304392.0,33477.0,70176.0,235440.0,48373.0,657392.0,55547.0,1077921.0,364230.0,10041.0,554334.0,152308.0,301865.0,545018.0,48405.0,181548.0,34401.0,265486.0,2077157.0,158535.0,19877.0,1902973.0,1676834.0,39361.0,191827.0,23039.0
54,123852.0,69736.0,434021.0,128467.0,3816786.0,392167.0,119260.0,22065.0,729674.0,1382185.0,252686.0,35866.0,1046016.0,226703.0,146180.0,263318.0,135518.0,224246.0,47402.0,549153.0,320921.0,380189.0,206456.0,82630.0,299205.0,33910.0,68427.0,228327.0,49912.0,655129.0,57929.0,1093607.0,395696.0,9847.0,572597.0,133146.0,290784.0,561077.0,55903.0,216200.0,37312.0,261224.0,2085148.0,151498.0,21726.0,1873258.0,1649437.0,38658.0,192575.0,23210.0
55,126466.0,65305.0,431427.0,127306.0,3794812.0,378657.0,136529.0,23685.0,781357.0,1465121.0,244960.0,33660.0,1038073.0,233283.0,138504.0,264315.0,139612.0,221077.0,56084.0,608547.0,373349.0,405121.0,207667.0,80558.0,304762.0,32582.0,68242.0,220404.0,58356.0,716356.0,57225.0,1256224.0,421495.0,11054.0,609953.0,150008.0,282714.0,613814.0,57891.0,213959.0,34634.0,272428.0,1983527.0,155386.0,24178.0,1955876.0,1598187.0,45236.0,194671.0,21960.0
56,119054.0,58460.0,407794.0,130028.0,3402506.0,366558.0,134494.0,23896.0,797501.0,1456001.0,223789.0,35608.0,1202850.0,241552.0,103890.0,259756.0,140945.0,216896.0,61494.0,585839.0,377916.0,403575.0,207705.0,82234.0,296890.0,33275.0,65788.0,213137.0,60767.0,691209.0,53735.0,1179182.0,420658.0,11256.0,617258.0,166315.0,267373.0,622079.0,62891.0,217642.0,35145.0,271050.0,2029182.0,148206.0,25387.0,2041713.0,1559420.0,44438.0,194106.0,21496.0
57,124999.0,55852.0,388532.0,128325.0,3437808.0,361797.0,139967.0,25005.0,816421.0,1494000.0,214874.0,31216.0,1030814.0,243047.0,130842.0,255364.0,139398.0,217922.0,63076.0,616789.0,389908.0,410679.0,204476.0,78452.0,291214.0,28399.0,64783.0,207517.0,66336.0,719447.0,52333.0,1167868.0,418746.0,9530.0,628888.0,159781.0,257613.0,644447.0,64573.0,233850.0,33936.0,274010.0,2126320.0,145954.0,28733.0,2017780.0,1582331.0,43181.0,199615.0,20404.0
58,123184.0,49006.0,379011.0,130822.0,3078794.0,331374.0,151364.0,26857.0,838200.0,1458016.0,201874.0,30436.0,1209993.0,253350.0,146466.0,261190.0,142562.0,213784.0,77486.0,641210.0,419395.0,423346.0,203133.0,86652.0,295631.0,29533.0,68046.0,197517.0,72832.0,743180.0,48526.0,1228640.0,447829.0,9649.0,647355.0,128171.0,242336.0,668740.0,66955.0,228326.0,34005.0,277066.0,2267315.0,140615.0,31022.0,2147192.0,1471432.0,45285.0,197768.0,20683.0
59,123908.0,48824.0,354914.0,133757.0,3115975.0,340019.0,161099.0,25119.0,865847.0,1630396.0,192389.0,29028.0,1188462.0,255460.0,112830.0,266618.0,148428.0,215742.0,80889.0,660569.0,448657.0,434654.0,205381.0,78999.0,300243.0,27454.0,67724.0,188313.0,73871.0,789347.0,49969.0,1280937.0,449457.0,10127.0,670089.0,160657.0,226963.0,703252.0,71943.0,243927.0,35656.0,285562.0,2268883.0,117917.0,34944.0,2164325.0,1532250.0,45335.0,205581.0,20001.0
60,129177.0,45118.0,361469.0,140444.0,3246642.0,343640.0,179289.0,28463.0,921621.0,1534575.0,177624.0,31104.0,1055575.0,272016.0,113089.0,266670.0,157491.0,221460.0,91426.0,712575.0,504799.0,470595.0,213576.0,83523.0,313040.0,28072.0,69351.0,177696.0,85711.0,883184.0,52052.0,1389672.0,491501.0,10192.0,735205.0,158949.0,236137.0,772705.0,82110.0,243496.0,35829.0,301423.0,2157753.0,118348.0,37403.0,2062545.0,1326143.0,45715.0,213880.0,20721.0
61,129768.0,41724.0,351475.0,146050.0,2849657.0,342765.0,205228.0,27467.0,981960.0,1595148.0,170789.0,28534.0,1169976.0,300253.0,172726.0,280054.0,163307.0,237119.0,102885.0,755391.0,542290.0,497323.0,216527.0,85944.0,316184.0,27401.0,70270.0,175533.0,91034.0,946536.0,48510.0,1520810.0,562491.0,9368.0,764966.0,162474.0,226728.0,819947.0,90877.0,290637.0,34644.0,310265.0,2246632.0,117490.0,43122.0,2060381.0,1503722.0,48555.0,220225.0,20787.0
62,138366.0,40259.0,342710.0,149794.0,2966954.0,353454.0,222703.0,34971.0,1024883.0,1678321.0,153286.0,27506.0,1194375.0,296848.0,79919.0,298187.0,172283.0,237581.0,109077.0,812284.0,596614.0,528108.0,227492.0,91631.0,337853.0,28597.0,74479.0,179060.0,102132.0,998411.0,48997.0,1618422.0,511564.0,10913.0,810604.0,154443.0,221615.0,879298.0,101698.0,236989.0,37090.0,321643.0,2458351.0,115449.0,48232.0,2168146.0,1553896.0,53444.0,228623.0,18062.0
63,147263.0,40760.0,333741.0,155032.0,2677203.0,359448.0,239811.0,34788.0,1099545.0,1814847.0,145088.0,26547.0,1315344.0,310195.0,153750.0,309190.0,175649.0,252007.0,114791.0,871459.0,653429.0,577893.0,243542.0,92895.0,343304.0,29406.0,74386.0,172401.0,106780.0,1094738.0,48233.0,1730271.0,591082.0,10507.0,874940.0,177334.0,220421.0,956632.0,108829.0,294881.0,40286.0,345960.0,2513266.0,121016.0,50141.0,2275155.0,1555526.0,56012.0,241086.0,20216.0
64,152022.0,36700.0,327069.0,162493.0,2675663.0,363542.0,260239.0,38261.0,1159374.0,1807656.0,134444.0,28511.0,1230383.0,333193.0,121004.0,323382.0,188013.0,260709.0,122756.0,943886.0,709653.0,613482.0,259215.0,100084.0,358268.0,29504.0,83283.0,168024.0,115756.0,1182284.0,49192.0,1851584.0,607688.0,11674.0,926299.0,178967.0,214118.0,1021586.0,115671.0,297718.0,39827.0,365440.0,2554872.0,118435.0,51629.0,2273341.0,1512064.0,59184.0,264378.0,19824.0
65,156904.0,35572.0,327400.0,168664.0,2818591.0,373552.0,270898.0,39975.0,1231838.0,1883036.0,124092.0,28598.0,1191692.0,357723.0,138859.0,340222.0,193286.0,271379.0,127363.0,983883.0,736537.0,645137.0,276142.0,107200.0,367994.0,29594.0,80425.0,165104.0,125074.0,1259394.0,53093.0,1964937.0,645277.0,11843.0,985852.0,182195.0,206537.0,1080493.0,121422.0,316637.0,41289.0,385220.0,2410599.0,124479.0,55664.0,2306834.0,1451691.0,64215.0,283285.0,20143.0
66,172902.0,35662.0,323980.0,182474.0,2772301.0,388005.0,288003.0,40665.0,1319222.0,2023211.0,114219.0,29952.0,1239385.0,376729.0,122077.0,353873.0,206141.0,287526.0,138604.0,1013275.0,791551.0,685471.0,293017.0,111740.0,392052.0,27836.0,90074.0,162129.0,130455.0,1327571.0,51574.0,2069476.0,691305.0,11045.0,1044317.0,169657.0,201148.0,1145410.0,132243.0,318346.0,45110.0,407460.0,2450160.0,121252.0,60772.0,2371563.0,1447055.0,68890.0,306305.0,20241.0
67,198918.0,34250.0,337148.0,199016.0,2766286.0,422188.0,322308.0,46055.0,1480632.0,2323699.0,110095.0,30563.0,1580015.0,416186.0,192646.0,385315.0,227042.0,319731.0,149626.0,1153572.0,876918.0,772947.0,330194.0,125348.0,437414.0,33813.0,105415.0,162337.0,140646.0,1442778.0,55409.0,2298048.0,774609.0,15589.0,1140523.0,166173.0,210744.0,1267615.0,142242.0,368440.0,46914.0,460266.0,2641884.0,129718.0,60290.0,2511499.0,1545987.0,72426.0,355874.0,23758.0
68,208452.0,31254.0,341039.0,203938.0,2819199.0,432854.0,332832.0,48646.0,1564867.0,2414774.0,103303.0,31604.0,1562181.0,430657.0,153058.0,407080.0,231640.0,333437.0,157094.0,1197616.0,908728.0,806490.0,355774.0,129783.0,462406.0,32107.0,106642.0,154528.0,141748.0,1545872.0,58408.0,2406530.0,805331.0,15037.0,1195892.0,220625.0,209872.0,1338395.0,148499.0,399618.0,53882.0,486092.0,2829145.0,127912.0,68372.0,2558809.0,1588409.0,76861.0,372215.0,25950.0
69,217350.0,30255.0,350955.0,220268.0,2576627.0,459124.0,355918.0,53146.0,1688782.0,2429302.0,92813.0,34263.0,1735121.0,460449.0,163368.0,426425.0,250884.0,354045.0,164662.0,1286452.0,969151.0,860777.0,378724.0,143711.0,496225.0,37362.0,119153.0,157898.0,151916.0,1606449.0,62575.0,2544053.0,848871.0,16380.0,1277912.0,220065.0,216679.0,1417071.0,160125.0,409935.0,56806.0,511414.0,3125028.0,132746.0,70008.0,2656036.0,1607286.0,82397.0,393176.0,24234.0
70,234113.0,27072.0,356213.0,229809.0,2766566.0,488985.0,370295.0,53075.0,1801743.0,2493767.0,90825.0,33074.0,1773220.0,478415.0,177226.0,463407.0,265007.0,379807.0,170347.0,1340847.0,1012067.0,899145.0,410450.0,150957.0,524580.0,36013.0,126940.0,160699.0,156338.0,1691209.0,64192.0,2709863.0,896795.0,18288.0,1333848.0,230081.0,211346.0,1510155.0,167687.0,428552.0,61892.0,535992.0,3115187.0,138842.0,71855.0,2708896.0,1705414.0,81069.0,434728.0,27443.0
71,251675.0,27164.0,372841.0,242894.0,2751865.0,539662.0,385951.0,56702.0,1931512.0,2736406.0,83937.0,34379.0,1939932.0,497298.0,238915.0,494476.0,275000.0,404163.0,175525.0,1442510.0,1069745.0,957475.0,442711.0,163456.0,558764.0,41030.0,134051.0,158119.0,169046.0,1802190.0,72726.0,2867197.0,959786.0,19895.0,1412183.0,250832.0,218911.0,1586802.0,172021.0,462633.0,64876.0,581220.0,3309981.0,143621.0,79631.0,2908369.0,1580129.0,88894.0,458751.0,27699.0
72,269961.0,26985.0,387299.0,258443.0,2889341.0,571983.0,409618.0,58747.0,2009265.0,2744117.0,74530.0,36706.0,2013448.0,538143.0,221764.0,515361.0,298429.0,427927.0,176918.0,1491281.0,1127975.0,1030735.0,480093.0,171336.0,605017.0,43143.0,144446.0,156530.0,171455.0,1892636.0,75514.0,2975378.0,1020380.0,21446.0,1515017.0,257923.0,220875.0,1690894.0,183500.0,483714.0,68660.0,615323.0,3575998.0,154014.0,82221.0,2947910.0,1688185.0,96745.0,481632.0,30038.0
73,286139.0,27026.0,415918.0,273973.0,3033505.0,623953.0,427770.0,64237.0,2205862.0,2927491.0,73879.0,42283.0,2180175.0,591864.0,232564.0,538762.0,310580.0,457126.0,185564.0,1618954.0,1193232.0,1094657.0,501090.0,189278.0,644368.0,47149.0,154537.0,163239.0,177951.0,1970951.0,80866.0,3171538.0,1105295.0,23872.0,1592635.0,256926.0,233039.0,1781174.0,192267.0,546097.0,75368.0,658858.0,3851341.0,161369.0,87434.0,3059561.0,1704362.0,102230.0,522557.0,36138.0
74,313415.0,27247.0,443992.0,289435.0,2812208.0,690256.0,439981.0,63407.0,2319016.0,3119319.0,70458.0,46255.0,2469551.0,620267.0,262913.0,569603.0,330224.0,493201.0,195099.0,1669361.0,1229986.0,1148562.0,549296.0,201223.0,692363.0,51008.0,169236.0,169258.0,185722.0,2066336.0,88576.0,3297759.0,1138549.0,26148.0,1677105.0,251516.0,237694.0,1869297.0,199792.0,547009.0,77993.0,688415.0,4035847.0,177680.0,83176.0,3250780.0,1764884.0,109056.0,544511.0,41968.0
75,328462.0,27680.0,472138.0,306540.0,3036701.0,739975.0,477877.0,70245.0,2407796.0,3173698.0,63975.0,48038.0,2299718.0,634221.0,261478.0,591287.0,341339.0,513268.0,194988.0,1777077.0,1287429.0,1206164.0,593149.0,214160.0,733588.0,58048.0,180360.0,173768.0,191369.0,2130079.0,98990.0,3450736.0,1200703.0,29388.0,1735268.0,308409.0,247274.0,1995865.0,203474.0,578711.0,80279.0,736308.0,3997124.0,192377.0,89934.0,3192786.0,1673666.0,111404.0,578562.0,43782.0
76,338288.0,27142.0,494148.0,316938.0,3196829.0,787434.0,484510.0,73807.0,2501896.0,3268723.0,60061.0,53373.0,2475794.0,659788.0,258343.0,626326.0,357600.0,534674.0,196627.0,1833251.0,1342366.0,1222535.0,627349.0,220654.0,776141.0,63675.0,189423.0,179023.0,206608.0,2275677.0,100393.0,3590709.0,1224544.0,31354.0,1780250.0,332967.0,263744.0,2087302.0,220699.0,594952.0,85846.0,747277.0,4507220.0,201633.0,89667.0,3237753.0,1794733.0,121660.0,615616.0,47349.0
77,364825.0,27097.0,534484.0,336770.0,3316020.0,856190.0,498428.0,77640.0,2594417.0,3432490.0,55812.0,58898.0,2507872.0,674810.0,327815.0,652604.0,369388.0,566236.0,204398.0,1885801.0,1354248.0,1264807.0,661478.0,239516.0,801737.0,70082.0,202443.0,189225.0,202044.0,2308874.0,111657.0,3723440.0,1261824.0,35815.0,1839542.0,334159.0,277249.0,2144057.0,219660.0,622807.0,91059.0,781320.0,4552932.0,217222.0,92273.0,3262836.0,1915582.0,122079.0,640157.0,46711.0
78,377807.0,25286.0,561482.0,351489.0,3625160.0,903147.0,520476.0,76675.0,2688256.0,3615052.0,53556.0,65447.0,2538890.0,693704.0,346107.0,678023.0,382963.0,601740.0,202355.0,1981228.0,1391441.0,1309042.0,709498.0,252920.0,862849.0,72712.0,215701.0,199674.0,200621.0,2417893.0,121350.0,3879840.0,1348664.0,42376.0,1868907.0,370584.0,297736.0,2216694.0,218150.0,660064.0,97821.0,818477.0,4881465.0,230593.0,92323.0,3460854.0,1931389.0,131094.0,680322.0,51734.0
79,399703.0,28726.0,626244.0,368575.0,3817501.0,954202.0,524447.0,78634.0,2823551.0,3732674.0,52556.0,69543.0,2648451.0,718196.0,292972.0,722007.0,398889.0,644297.0,204403.0,2025604.0,1456116.0,1330886.0,742017.0,273966.0,912352.0,84149.0,233443.0,207126.0,207586.0,2450445.0,130070.0,4013390.0,1331453.0,43798.0,1935363.0,410499.0,309569.0,2247438.0,224403.0,649830.0,109033.0,843515.0,4909652.0,256513.0,95423.0,3510364.0,1880103.0,124342.0,709029.0,54779.0
80,417651.0,32057.0,678338.0,384144.0,3954372.0,1008262.0,534609.0,78986.0,2889357.0,3711759.0,49552.0,75344.0,2840141.0,745698.0,364413.0,739725.0,413036.0,661505.0,211163.0,2107925.0,1484300.0,1370935.0,791990.0,289299.0,943540.0,90052.0,245143.0,228873.0,211169.0,2535672.0,137504.0,4178742.0,1394532.0,44493.0,1983974.0,414587.0,337086.0,2351473.0,231382.0,686713.0,111856.0,882034.0,5051151.0,272627.0,94041.0,3786141.0,2173597.0,129318.0,735317.0,60242.0
81,436269.0,33039.0,716515.0,392288.0,4458345.0,1052922.0,543413.0,78886.0,2948247.0,3834462.0,50875.0,82346.0,2962062.0,762108.0,353683.0,762846.0,416024.0,686855.0,207717.0,2155204.0,1504422.0,1398269.0,806365.0,297164.0,969486.0,94366.0,253532.0,240861.0,216734.0,2610230.0,145143.0,4318075.0,1411739.0,46945.0,2031982.0,426915.0,356661.0,2375684.0,241605.0,695565.0,111622.0,913442.0,5308039.0,286018.0,96311.0,3743999.0,2242489.0,132579.0,762758.0,63985.0
82,446268.0,33778.0,758165.0,405130.0,4412492.0,1109618.0,566080.0,83883.0,3000525.0,3964705.0,51459.0,88839.0,3018676.0,770285.0,368922.0,798282.0,430134.0,702123.0,206547.0,2195658.0,1532445.0,1410113.0,834824.0,303503.0,997543.0,100399.0,258075.0,253567.0,213847.0,2674844.0,155881.0,4430638.0,1427103.0,50166.0,2048087.0,438282.0,375216.0,2439107.0,239750.0,681984.0,117810.0,930330.0,5512748.0,305783.0,96031.0,3774876.0,2355214.0,137791.0,786531.0,68150.0
83,447395.0,36705.0,795006.0,413590.0,4819577.0,1144414.0,556634.0,82152.0,3026469.0,4012157.0,47398.0,92273.0,3007812.0,761100.0,344870.0,802666.0,425663.0,716135.0,205017.0,2227245.0,1544480.0,1415363.0,839048.0,323166.0,999554.0,99481.0,259699.0,265232.0,209420.0,2715644.0,161586.0,4477373.0,1427758.0,48260.0,2107574.0,444735.0,398330.0,2447845.0,241093.0,683050.0,117409.0,955759.0,5482548.0,318061.0,93884.0,3725109.0,2179092.0,136012.0,787239.0,69181.0
84,455894.0,39491.0,821494.0,419381.0,4807911.0,1195356.0,551258.0,86543.0,3094042.0,4157300.0,46371.0,93984.0,3187083.0,770742.0,348504.0,819060.0,427149.0,740875.0,204664.0,2282757.0,1533348.0,1444341.0,840621.0,324106.0,1031322.0,105734.0,260552.0,273123.0,209978.0,2759261.0,168292.0,4557717.0,1448443.0,46264.0,2117830.0,462570.0,422756.0,2484908.0,245238.0,694840.0,120370.0,975379.0,5609896.0,337808.0,97269.0,3788268.0,2446111.0,139155.0,786495.0,70030.0
85,466609.0,41522.0,867904.0,428128.0,5169302.0,1264551.0,562473.0,87846.0,3134658.0,4292207.0,49170.0,103471.0,3551981.0,796700.0,343262.0,832122.0,445236.0,743484.0,203675.0,2327654.0,1548029.0,1463892.0,879906.0,325240.0,1053455.0,117511.0,271448.0,292300.0,215301.0,2822826.0,182394.0,4637218.0,1432829.0,49569.0,2112616.0,465463.0,462316.0,2524992.0,245531.0,690337.0,123303.0,975357.0,6132389.0,369590.0,93569.0,3936811.0,2328106.0,137066.0,777602.0,76224.0
86,477203.0,44436.0,896069.0,435500.0,5519266.0,1300823.0,572317.0,90874.0,3164933.0,4370645.0,46849.0,109126.0,3571653.0,804259.0,409906.0,864616.0,443413.0,765904.0,203607.0,2335462.0,1559608.0,1476770.0,888347.0,338421.0,1062799.0,119810.0,275257.0,310096.0,211612.0,2862350.0,190265.0,4691203.0,1510530.0,49619.0,2139705.0,422270.0,474216.0,2523824.0,240939.0,736414.0,127995.0,1003739.0,5616995.0,387222.0,91026.0,3958440.0,2534272.0,144763.0,806025.0,80346.0
87,481772.0,46864.0,936179.0,443398.0,5677594.0,1326891.0,567841.0,90921.0,3247589.0,4123779.0,50584.0,113023.0,3577926.0,818002.0,423774.0,857178.0,454988.0,779720.0,203511.0,2359043.0,1575172.0,1487284.0,891145.0,337741.0,1094826.0,124186.0,281663.0,315103.0,209646.0,2901569.0,194928.0,4700041.0,1555007.0,46519.0,2171152.0,485904.0,508844.0,2552217.0,249254.0,744507.0,132481.0,1023786.0,5937547.0,399194.0,93373.0,4129192.0,2700531.0,139657.0,811074.0,80568.0
88,483400.0,48883.0,967648.0,440877.0,6091315.0,1366658.0,570150.0,97004.0,3262724.0,4426151.0,47606.0,118489.0,3623863.0,810210.0,355875.0,875590.0,446220.0,783955.0,201872.0,2381226.0,1580115.0,1487462.0,903859.0,348753.0,1096031.0,123368.0,286649.0,322836.0,215020.0,2911749.0,195570.0,4811347.0,1493727.0,51081.0,2187880.0,458721.0,521382.0,2598331.0,245566.0,690396.0,134829.0,1037955.0,6166520.0,420918.0,93369.0,4192881.0,2729080.0,148765.0,812922.0,81426.0
89,485970.0,52402.0,1000593.0,446047.0,6399984.0,1372648.0,573195.0,90823.0,3236811.0,4362140.0,48191.0,120950.0,3609188.0,810390.0,340300.0,882851.0,446526.0,807161.0,204608.0,2417063.0,1609158.0,1483786.0,909145.0,345254.0,1095250.0,124230.0,286572.0,335416.0,217217.0,2958099.0,208669.0,4851338.0,1499523.0,48179.0,2175054.0,497695.0,546804.0,2581832.0,251339.0,694683.0,129123.0,1043122.0,5994592.0,430297.0,93139.0,4207012.0,2683288.0,142387.0,833479.0,82698.0
90,493726.0,57856.0,1062968.0,449984.0,6816690.0,1423833.0,583100.0,91997.0,3294535.0,4380913.0,58031.0,120876.0,3703492.0,824998.0,424946.0,897010.0,465062.0,808113.0,192410.0,2424775.0,1587647.0,1494267.0,915530.0,350749.0,1107157.0,132406.0,289368.0,357620.0,207329.0,3005514.0,200228.0,4951141.0,1535347.0,47174.0,2220221.0,503977.0,583277.0,2630867.0,247453.0,722557.0,131710.0,1047753.0,6096912.0,445463.0,93096.0,4279920.0,2923796.0,148559.0,828734.0,86937.0
91,503681.0,59935.0,1074754.0,449950.0,7005248.0,1427052.0,586598.0,92778.0,3323333.0,4291443.0,58169.0,121375.0,3562813.0,830593.0,359184.0,917347.0,470437.0,818722.0,197924.0,2465308.0,1596507.0,1504383.0,940837.0,352662.0,1132407.0,136050.0,299958.0,369938.0,213103.0,3027196.0,218477.0,4931750.0,1568487.0,52121.0,2217674.0,503676.0,599293.0,2626424.0,255896.0,735507.0,129544.0,1044913.0,6199386.0,459850.0,93214.0,4257126.0,2841023.0,140533.0,828456.0,88444.0
92,499644.0,61636.0,1112572.0,453218.0,7110146.0,1441057.0,593506.0,89485.0,3312567.0,4537913.0,64706.0,124249.0,3662219.0,828048.0,384052.0,922707.0,470151.0,821075.0,193496.0,2463924.0,1602025.0,1524408.0,947711.0,365724.0,1127317.0,134620.0,297042.0,381846.0,211559.0,3013363.0,215208.0,4994646.0,1560590.0,52780.0,2254238.0,512528.0,619203.0,2641657.0,249292.0,747618.0,130151.0,1064877.0,6186758.0,453277.0,93334.0,4325263.0,2744368.0,151165.0,847566.0,87238.0
93,513692.0,63959.0,1128494.0,465339.0,7378345.0,1468093.0,592479.0,98452.0,3337553.0,4521706.0,65715.0,131034.0,3472249.0,825243.0,373321.0,928061.0,465372.0,835641.0,203067.0,2458350.0,1594476.0,1516036.0,938230.0,363716.0,1139770.0,135098.0,302788.0,401535.0,213027.0,3082130.0,216026.0,4979591.0,1539744.0,50897.0,2238095.0,520426.0,641406.0,2696944.0,249738.0,707926.0,138452.0,1073152.0,6474930.0,475031.0,91919.0,4335890.0,3063340.0,149345.0,848720.0,85300.0
94,509716.0,70886.0,1161186.0,461044.0,7602858.0,1478354.0,592129.0,92215.0,3337794.0,4659877.0,71825.0,124794.0,3676476.0,819758.0,367285.0,937923.0,461929.0,846037.0,197829.0,2455255.0,1606498.0,1514860.0,942266.0,367808.0,1137920.0,135363.0,302734.0,400999.0,207155.0,3066012.0,206635.0,5066696.0,1516311.0,51687.0,2231469.0,516648.0,661586.0,2642825.0,251432.0,723715.0,132916.0,1073506.0,6419686.0,475620.0,94128.0,4295407.0,2914349.0,149049.0,828739.0,87988.0
95,519374.0,73640.0,1160990.0,469569.0,7817709.0,1485673.0,600172.0,97091.0,3335096.0,4405372.0,77945.0,126359.0,3693947.0,836098.0,377802.0,965542.0,462539.0,844538.0,194278.0,2486327.0,1613995.0,1520300.0,937864.0,371214.0,1150251.0,132983.0,312986.0,409988.0,213720.0,3124226.0,219057.0,5099608.0,1562529.0,49258.0,2262068.0,537541.0,667813.0,2674673.0,245737.0,736948.0,132619.0,1076444.0,6537905.0,485079.0,92553.0,4544803.0,3087346.0,141783.0,842259.0,85999.0
96,516523.0,78891.0,1173448.0,463951.0,7995563.0,1507253.0,591582.0,92260.0,3388932.0,4520337.0,91740.0,130797.0,3775940.0,809401.0,425895.0,940787.0,466825.0,848373.0,193906.0,2418294.0,1599433.0,1506580.0,928160.0,379536.0,1152988.0,136933.0,304980.0,408540.0,216129.0,3140328.0,212655.0,5076838.0,1585754.0,47938.0,2251642.0,512414.0,677802.0,2681725.0,249086.0,749384.0,134452.0,1075483.0,6103839.0,483380.0,98031.0,4323629.0,3080690.0,145911.0,843933.0,86132.0
97,511844.0,85601.0,1221996.0,478807.0,8297132.0,1518135.0,607423.0,101426.0,3414432.0,4435176.0,103369.0,130238.0,3751573.0,830458.0,434424.0,945706.0,473236.0,876858.0,201904.0,2496966.0,1633824.0,1531840.0,946370.0,376489.0,1157218.0,136925.0,310455.0,428596.0,218429.0,3169632.0,220064.0,5155839.0,1524476.0,48465.0,2325750.0,522809.0,706760.0,2727265.0,253801.0,715617.0,133025.0,1091703.0,6350914.0,504282.0,96530.0,4502836.0,3055051.0,146182.0,848744.0,90394.0
98,517973.0,88136.0,1251381.0,468976.0,8537959.0,1508990.0,605935.0,96682.0,3432469.0,4493981.0,114128.0,134297.0,4310491.0,820386.0,377701.0,1013634.0,469415.0,868913.0,202510.0,2499375.0,1631820.0,1546306.0,951215.0,385082.0,1188925.0,136967.0,310580.0,425993.0,217993.0,3236880.0,220664.0,5232786.0,1533939.0,53243.0,2310356.0,513847.0,713654.0,2755129.0,256116.0,724564.0,140969.0,1090657.0,6412804.0,490872.0,93262.0,4325542.0,3161129.0,145490.0,854617.0,88432.0
99,511396.0,91572.0,1254475.0,465874.0,8607143.0,1533071.0,626284.0,103220.0,3436734.0,4486674.0,120153.0,134064.0,3764370.0,819483.0,427615.0,1002580.0,477251.0,867440.0,197045.0,2512790.0,1637862.0,1524081.0,935881.0,372785.0,1165856.0,142610.0,309769.0,435560.0,215298.0,3238846.0,221339.0,5182169.0,1554093.0,48337.0,2342073.0,545050.0,721000.0,2741874.0,254018.0,732148.0,131863.0,1078190.0,6340762.0,502908.0,97161.0,4572852.0,3172353.0,149543.0,835243.0,90554.0
100,514197.0,93643.0,1252857.0,471781.0,8799850.0,1525388.0,619289.0,97123.0,3458183.0,4606485.0,128448.0,135606.0,3709866.0,815936.0,443017.0,1008358.0,476700.0,864936.0,195792.0,2551100.0,1635842.0,1555010.0,947073.0,380455.0,1165846.0,136987.0,310145.0,446514.0,218305.0,3268965.0,222271.0,5241451.0,1558117.0,47605.0,2346788.0,527656.0,711868.0,2799173.0,259293.0,727986.0,135047.0,1090894.0,6817607.0,500444.0,99188.0,4154070.0,3090665.0,147149.0,851432.0,89322.0
101,513750.0,93926.0,1266832.0,478519.0,8952952.0,1527140.0,626736.0,99158.0,3478230.0,4639533.0,139372.0,136327.0,4015950.0,845667.0,421050.0,1020916.0,477890.0,874444.0,201845.0,2518823.0,1646922.0,1538583.0,954966.0,383227.0,1170889.0,137746.0,312737.0,437454.0,215524.0,3275079.0,218078.0,5262645.0,1570517.0,50534.0,2363273.0,526842.0,734362.0,2801742.0,258530.0,730581.0,129365.0,1087418.0,6699635.0,505436.0,97400.0,4477871.0,2978951.0,146267.0,849796.0,90376.0
102,490991.0,88703.0,1288187.0,458462.0,9058716.0,1541513.0,612648.0,99471.0,3444819.0,4472031.0,149126.0,138160.0,3787806.0,829609.0,399787.0,1015551.0,474511.0,860583.0,196942.0,2451199.0,1616033.0,1515196.0,942681.0,371904.0,1152660.0,136100.0,304373.0,445597.0,214005.0,3255492.0,222828.0,5182297.0,1582588.0,49088.0,2334868.0,522032.0,723307.0,2717452.0,256642.0,741182.0,137862.0,1083999.0,6393056.0,499173.0,99162.0,4414488.0,3066081.0,144927.0,848986.0,88307.0
103,504585.0,98152.0,1274874.0,475115.0,9040936.0,1524350.0,616606.0,102682.0,3451928.0,4530332.0,153101.0,135240.0,3806058.0,823177.0,449667.0,1021264.0,471261.0,877608.0,197507.0,2450514.0,1644162.0,1522316.0,951237.0,381397.0,1163465.0,138931.0,303101.0,454602.0,212662.0,3268648.0,222346.0,5191415.0,1555046.0,48031.0,2346267.0,509717.0,745518.0,2729786.0,258259.0,724799.0,132493.0,1079535.0,6667536.0,499193.0,99740.0,3958488.0,2859022.0,150135.0,852331.0,90993.0
104,501866.0,100980.0,1294274.0,471741.0,9143405.0,1515473.0,615793.0,103494.0,3469657.0,4691827.0,164184.0,140452.0,3880059.0,832475.0,454608.0,1046992.0,482198.0,877180.0,200133.0,2493789.0,1639492.0,1527829.0,970581.0,386279.0,1199200.0,135512.0,316397.0,470554.0,220942.0,3304948.0,220695.0,5231376.0,1559299.0,49221.0,2348474.0,520435.0,735239.0,2736276.0,257949.0,723900.0,134502.0,1091776.0,6700208.0,497883.0,94466.0,4463704.0,3081348.0,150991.0,866173.0,90209.0
105,511325.0,100398.0,1307805.0,485966.0,9308225.0,1545023.0,629459.0,100809.0,3492524.0,4549365.0,176309.0,135346.0,3835491.0,852263.0,361794.0,1022121.0,464323.0,873007.0,195296.0,2486689.0,1649828.0,1521654.0,957011.0,381564.0,1182202.0,137990.0,310513.0,480944.0,218022.0,3274628.0,228682.0,5284397.0,1458586.0,48311.0,2288995.0,521306.0,744795.0,2728223.0,257466.0,705473.0,137007.0,1087733.0,6384233.0,506050.0,104158.0,4294123.0,2979058.0,145664.0,860202.0,92236.0
106,521133.0,104552.0,1304594.0,477949.0,9263289.0,1545628.0,634104.0,97860.0,3518641.0,4528824.0,182365.0,136573.0,3654630.0,850357.0,399679.0,1046904.0,483444.0,880000.0,197284.0,2522504.0,1657947.0,1529157.0,989892.0,387279.0,1207127.0,142247.0,310881.0,483849.0,217735.0,3324626.0,225064.0,5299148.0,1593300.0,48029.0,2330154.0,542747.0,748762.0,2710855.0,259391.0,747306.0,136225.0,1086729.0,6563178.0,501680.0,99760.0,4288224.0,3090267.0,145907.0,878054.0,92830.0
107,520278.0,103553.0,1319713.0,479990.0,9320757.0,1537398.0,625681.0,99618.0,3493633.0,4565833.0,184011.0,137906.0,3741546.0,855742.0,374850.0,1039378.0,487371.0,888606.0,196972.0,2481179.0,1655400.0,1539861.0,975299.0,395417.0,1195795.0,135739.0,317511.0,479330.0,214216.0,3298027.0,221365.0,5260171.0,1565223.0,51870.0,2326096.0,525226.0,743916.0,2713718.0,264300.0,725193.0,137360.0,1092231.0,6486856.0,506898.0,100166.0,4204779.0,3032563.0,147640.0,867832.0,89664.0
108,519004.0,99415.0,1309812.0,480794.0,9334459.0,1545218.0,634933.0,99433.0,3506834.0,4689834.0,196275.0,138084.0,3736590.0,843934.0,455766.0,1045546.0,479394.0,906776.0,196335.0,2483333.0,1646376.0,1543118.0,971657.0,382091.0,1214569.0,134191.0,312204.0,485568.0,219134.0,3308928.0,225872.0,5318209.0,1644610.0,50431.0,2335269.0,539963.0,745114.0,2731007.0,264905.0,795270.0,133380.0,1108991.0,6651048.0,511610.0,98664.0,4089831.0,3036218.0,151945.0,864519.0,91403.0
109,523648.0,106459.0,1337100.0,495713.0,9298163.0,1536447.0,630965.0,99306.0,3505255.0,4593653.0,198016.0,138179.0,3572411.0,868187.0,426887.0,1047158.0,488838.0,898442.0,197524.0,2538917.0,1625682.0,1563075.0,980217.0,387952.0,1199915.0,139429.0,317802.0,481013.0,217240.0,3315898.0,225245.0,5309287.0,1654998.0,51316.0,2367383.0,550709.0,751456.0,2773510.0,267176.0,773137.0,137040.0,1108579.0,6605083.0,499757.0,102832.0,4150155.0,2773049.0,154210.0,863374.0,92863.0
110,514015.0,107545.0,1319827.0,482241.0,9311363.0,1520488.0,618342.0,64627.0,3446555.0,4517932.0,200995.0,140294.0,3567117.0,852363.0,338815.0,1020282.0,492712.0,896327.0,193902.0,2070120.0,1577401.0,1514397.0,972479.0,381414.0,1208295.0,134751.0,319345.0,477373.0,215485.0,2847034.0,221035.0,5197754.0,1515911.0,51579.0,2286204.0,501839.0,740541.0,2341254.0,258942.0,711601.0,140428.0,1089074.0,6748421.0,496689.0,102956.0,3634640.0,2980589.0,131237.0,863072.0,90594.0
111,524766.0,107285.0,1340162.0,489355.0,9261263.0,1549322.0,635791.0,99283.0,3513089.0,4559651.0,205096.0,138312.0,3491654.0,835543.0,439210.0,1054538.0,456781.0,894654.0,199566.0,2509079.0,1646250.0,1535610.0,980078.0,399589.0,1194148.0,142994.0,318359.0,473504.0,223077.0,3351298.0,221652.0,5282801.0,1415978.0,48598.0,2193057.0,546182.0,741965.0,2720994.0,265614.0,742729.0,140884.0,1120360.0,6415562.0,516361.0,109309.0,3914173.0,2960506.0,154509.0,822372.0,90736.0
112,524612.0,101620.0,1333458.0,479537.0,9192494.0,1529165.0,629810.0,86923.0,3463945.0,4501685.0,203658.0,142886.0,3727355.0,844439.0,390161.0,1048250.0,495677.0,914458.0,194995.0,2349981.0,1627526.0,1531549.0,984945.0,382230.0,1192939.0,135430.0,325484.0,476268.0,220606.0,3211640.0,226597.0,5235036.0,1584230.0,47898.0,2318705.0,546453.0,728908.0,2579359.0,263293.0,785890.0,135913.0,1117407.0,6700401.0,504737.0,103739.0,3623178.0,2974155.0,150809.0,860971.0,89192.0
113,531371.0,106113.0,1330158.0,488557.0,9276678.0,1549539.0,632812.0,100880.0,3505085.0,4574825.0,210161.0,140622.0,3557630.0,854048.0,428483.0,1040925.0,448962.0,911746.0,201678.0,2510601.0,1651723.0,1552060.0,968042.0,390636.0,1198649.0,142049.0,321170.0,487114.0,224112.0,3327615.0,224877.0,5269932.0,1397834.0,51128.0,2207596.0,545967.0,727918.0,2715108.0,267561.0,740127.0,140756.0,1124077.0,6653989.0,509030.0,101065.0,3862516.0,2928316.0,152049.0,824401.0,89413.0
114,529148.0,103930.0,1336715.0,497116.0,9213871.0,1543957.0,630070.0,102478.0,3493515.0,4425456.0,215138.0,140328.0,3465356.0,857896.0,429911.0,1042156.0,494341.0,899929.0,205829.0,2471825.0,1644912.0,1558990.0,975840.0,397325.0,1205938.0,136336.0,319678.0,476321.0,235917.0,3324364.0,225941.0,5249869.0,1680280.0,49543.0,2325572.0,543579.0,736568.0,2712792.0,271504.0,798538.0,141667.0,1123491.0,6526414.0,500291.0,107599.0,3854170.0,2864345.0,157257.0,862057.0,89061.0
115,523504.0,103383.0,1339510.0,493986.0,9127945.0,1591230.0,637911.0,100562.0,3550272.0,4786011.0,210711.0,140035.0,3438967.0,862713.0,430131.0,1054456.0,501075.0,913466.0,200374.0,2428288.0,1665443.0,1567794.0,990469.0,383705.0,1221600.0,138300.0,321106.0,488705.0,227815.0,3339528.0,234486.0,5296064.0,1625156.0,53217.0,2362028.0,566851.0,725651.0,2726735.0,277508.0,798189.0,138647.0,1128892.0,6364733.0,518975.0,114249.0,3763140.0,2863392.0,157303.0,860578.0,88884.0
116,533305.0,104804.0,1356388.5,497953.0,9136458.5,1587196.5,646361.5,100430.0,3567447.0,4767633.0,212362.5,140810.5,3497072.0,865641.0,415576.0,1052334.0,507880.0,917581.5,203755.0,2458452.5,1672024.5,1577458.0,984969.5,387632.0,1217244.0,144116.5,324787.0,494178.0,235849.5,3343585.0,234984.5,5304660.0,1640744.0,52375.0,2356854.5,556754.0,734652.5,2728287.5,276525.5,798471.5,138932.5,1131773.5,6461935.0,517009.0,112213.0,3753799.0,2878234.0,156693.0,861655.0,90351.5
117,543106.0,106225.0,1373267.0,501920.0,9144972.0,1583163.0,654812.0,100298.0,3584622.0,4749255.0,214014.0,141586.0,3555177.0,868569.0,401021.0,1050212.0,514685.0,921697.0,207136.0,2488617.0,1678606.0,1587122.0,979470.0,391559.0,1212888.0,149933.0,328468.0,499651.0,243884.0,3347642.0,235483.0,5313256.0,1656332.0,51533.0,2351681.0,546657.0,743654.0,2729840.0,275543.0,798754.0,139218.0,1134655.0,6559137.0,515043.0,110177.0,3744458.0,2893076.0,156083.0,862732.0,91819.0
118,546499.0,105828.0,1364419.0,497958.0,9171226.0,1577288.0,653693.0,99917.0,3555590.0,4628502.0,215114.0,139966.0,3606879.0,870759.0,340445.0,1059819.0,459557.0,921342.0,205611.0,2499308.0,1684012.0,1594904.0,973456.0,384018.0,1236277.0,139984.0,331618.0,500914.0,239723.0,3409075.0,229344.0,5328511.0,1303842.0,51176.0,2232961.0,511615.0,741707.0,2768535.0,281977.0,680600.0,141446.0,1138634.0,6470741.0,515161.0,108591.0,3659154.0,2871072.0,156451.0,820279.0,91312.0
119,548053.0,106694.0,1363914.0,507046.5,9193703.0,1584526.5,651948.0,100687.5,3581425.5,4782938.0,214217.0,141073.0,3688959.5,871698.5,340699.0,1021669.5,475214.0,929050.5,210690.0,2505663.0,1693338.0,1596186.5,981158.5,389502.0,1239454.0,139647.0,334359.0,504191.0,242194.5,3413511.0,231276.5,5346583.0,1412229.5,51801.5,2269270.0,514061.5,734213.0,2771890.5,285959.5,717101.5,142137.0,1135459.5,6404524.5,523181.0,110962.0,3646313.0,2885173.5,158536.0,828415.5,92667.5
120,549607.0,107560.0,1363409.0,516135.0,9216180.0,1591765.0,650203.0,101458.0,3607261.0,4937374.0,213320.0,142180.0,3771040.0,872638.0,340953.0,983520.0,490871.0,936759.0,215769.0,2512018.0,1702664.0,1597469.0,988861.0,394986.0,1242631.0,139310.0,337100.0,507468.0,244666.0,3417947.0,233209.0,5364655.0,1520617.0,52427.0,2305579.0,516508.0,726719.0,2775246.0,289942.0,753603.0,142828.0,1132285.0,6338308.0,531201.0,113333.0,3633472.0,2899275.0,160621.0,836552.0,94023.0
121,537138.0,103481.0,1368207.0,521734.0,9200061.0,1624682.0,659087.0,95931.0,3603351.0,4996257.0,216844.0,137892.0,3539912.0,870559.0,350532.0,988756.0,474789.0,924518.0,207201.0,2502781.0,1692411.0,1561325.0,997002.0,395080.0,1240169.0,142384.0,336146.0,504726.0,241422.0,3395817.0,241787.0,5296188.0,1372031.0,52485.0,2225308.0,524016.0,732258.0,2707384.0,277830.0,703753.0,145088.0,1131641.0,6451494.0,530347.0,111644.0,3695423.0,2867892.0,157778.0,835849.0,93153.0
122,541084.0,107530.0,1366829.0,519101.0,9181664.0,1628197.0,670149.0,100191.0,3651704.0,4840103.0,215084.0,143557.0,3558272.0,879883.0,387883.0,1017336.0,518011.0,926491.0,214584.0,2499906.0,1711295.0,1578662.0,977425.0,398278.0,1236081.0,141017.0,339461.0,501736.0,248769.0,3433768.0,236311.0,5343282.0,1685779.0,51185.0,2387897.0,542149.0,728948.0,2775876.0,287419.0,800813.0,149097.0,1141579.0,6358097.0,522967.0,115546.0,3614484.0,2882418.0,154799.0,867808.0,97251.0
123,536837.0,108986.0,1362925.0,520532.0,9181854.0,1596009.0,657959.0,94476.0,3639624.0,4788927.0,212941.0,143177.0,3394303.0,852223.0,460608.0,1058916.0,464448.0,947696.0,215477.0,2462889.0,1690823.0,1554370.0,972711.0,393460.0,1224445.0,141432.0,341009.0,499749.0,256693.0,3375663.0,237689.0,5284434.0,1434417.0,53997.0,2159335.0,572187.0,734043.0,2701267.0,292228.0,773477.0,146856.0,1135292.0,6433442.0,530298.0,113107.0,3366538.0,2896304.0,152724.0,827707.0,92018.0
124,532554.0,110433.5,1365067.0,521518.0,9174863.5,1593941.0,652797.0,95942.5,3609329.5,4770382.5,213371.5,142088.0,3508674.0,854086.0,458415.5,1054698.0,479224.0,941677.0,217753.0,2442558.5,1680045.0,1557953.0,982182.5,391319.5,1227961.5,142882.5,343699.5,498054.5,253083.0,3367809.0,236070.0,5246135.5,1512746.5,54012.5,2235610.5,566281.0,727845.0,2668942.0,289597.5,771980.5,146679.5,1140659.5,6412527.5,527656.0,111049.0,3437510.0,2938366.0,152581.0,855344.0,92671.5
125,528271.0,111881.0,1367209.0,522504.0,9167873.0,1591873.0,647635.0,97409.0,3579035.0,4751838.0,213802.0,140999.0,3623045.0,855949.0,456223.0,1050480.0,494000.0,935658.0,220029.0,2422228.0,1669267.0,1561536.0,991654.0,389179.0,1231478.0,144333.0,346390.0,496360.0,249473.0,3359955.0,234451.0,5207837.0,1591076.0,54028.0,2311886.0,560375.0,721647.0,2636617.0,286967.0,770484.0,146503.0,1146027.0,6391613.0,525014.0,108991.0,3508482.0,2980428.0,152438.0,882981.0,93325.0
126,537351.0,106035.0,1355094.0,523349.0,9240271.0,1612164.0,622909.0,91947.0,3487646.0,4758299.0,208593.0,139303.0,3508051.0,819929.0,447724.0,1065777.0,497175.0,923805.0,212742.0,2346554.0,1601256.0,1501457.0,984538.0,386152.0,1223786.0,145594.0,340536.0,505579.0,243218.0,3300574.0,233208.0,5041043.0,1606056.0,53807.0,2250774.0,569044.0,724407.0,2536786.0,276288.0,749137.0,150894.0,1122555.0,6501132.0,523741.0,112489.0,3420118.0,3072822.0,146259.0,884873.0,93036.0
127,528333.0,108750.0,1358717.0,516708.0,9181326.0,1627191.0,623479.0,90110.0,3468962.0,4790833.0,213526.0,138128.0,3429173.0,826211.0,420898.0,1070614.0,478377.0,937546.0,217446.0,2364215.0,1584191.0,1487786.0,986059.0,379202.0,1238289.0,149450.0,350648.0,498886.0,239622.0,3334525.0,239274.0,5042512.0,1560714.0,48370.0,2200656.0,584777.0,727881.0,2525962.0,273921.0,748115.0,150936.0,1134738.0,6550365.0,529219.0,114941.0,3367019.0,2989822.0,142782.0,860024.0,98360.0
128,518902.0,105247.0,1350593.0,512546.0,9144235.0,1604988.0,625040.0,91304.0,3444778.0,4660482.0,208315.0,140000.0,3337248.0,817542.0,475818.0,1058558.0,483785.0,911022.0,217301.0,2336928.0,1565177.0,1479274.0,978961.0,374137.0,1228961.0,151626.0,351107.0,487312.0,235720.0,3271670.0,242614.0,4962755.0,1552264.0,51774.0,2251545.0,571015.0,731402.0,2494700.0,272913.0,730363.0,154787.0,1120162.0,6432750.0,530218.0,114459.0,3283918.0,3104341.0,145357.0,875545.0,97125.0
129,508668.0,110946.0,1339473.0,504137.0,9176629.0,1612352.0,610536.0,94774.0,3446906.0,4599577.0,212333.0,138688.0,3293406.0,809126.0,436142.0,1063745.0,490497.0,909153.0,215814.0,2289820.0,1523676.0,1455884.0,971194.0,370688.0,1192815.0,153992.0,352767.0,492918.0,233603.0,3262734.0,244825.0,4916443.0,1606186.0,48797.0,2208541.0,580743.0,723910.0,2443397.0,269066.0,765856.0,158605.0,1106732.0,6429614.0,540295.0,109240.0,3047388.0,3034134.0,141491.0,863174.0,100119.0
130,516947.0,106017.0,1358681.0,513785.0,9210488.0,1620720.0,611350.0,94819.0,3367644.0,4552083.0,208462.0,140500.0,3265879.0,788184.0,424183.0,1057946.0,454168.0,917246.0,217061.0,2295750.0,1527112.0,1456571.0,944029.0,358435.0,1210326.0,153056.0,351808.0,494358.0,242439.0,3300059.0,245315.0,4874292.0,1550873.0,48779.0,2096502.0,565886.0,746947.0,2446467.0,268377.0,747145.0,153285.0,1100447.0,6347491.0,535362.0,112400.0,3021589.0,2983875.0,141806.0,834017.0,100832.0
131,503429.0,105293.0,1362874.0,496759.0,9173637.5,1609986.0,608837.0,92878.0,3347722.5,4535091.0,211342.0,142194.0,3198852.0,780300.5,385978.5,1040931.5,461833.5,891364.0,219329.5,2256022.0,1522055.5,1446663.5,915035.0,342502.0,1175077.0,153639.0,334603.5,490648.0,239731.0,3275625.5,245866.0,4814941.0,1515015.0,45039.5,2100971.5,544559.5,738237.5,2418070.0,267703.5,723890.5,147872.5,1078821.0,6295754.0,530200.0,108258.5,3003112.0,2973869.5,143293.0,828132.5,101606.0
132,489911.0,104569.0,1367067.0,479733.0,9136787.0,1599252.0,606324.0,90937.0,3327801.0,4518099.0,214222.0,143888.0,3131825.0,772417.0,347774.0,1023917.0,469499.0,865482.0,221598.0,2216294.0,1516999.0,1436756.0,886041.0,326569.0,1139828.0,154222.0,317399.0,486938.0,237023.0,3251192.0,246417.0,4755590.0,1479157.0,41300.0,2105441.0,523233.0,729528.0,2389673.0,267030.0,700636.0,142460.0,1057195.0,6244017.0,525038.0,104117.0,2984635.0,2963864.0,144780.0,822248.0,102380.0
133,482603.0,104496.0,1362930.0,492210.0,9202937.0,1603746.0,601152.0,94225.0,3396333.0,4541820.0,213879.0,146152.0,3108307.0,773086.0,323856.0,1044325.0,444902.0,874460.0,223946.0,2206855.0,1524069.0,1436944.0,890570.0,340231.0,1131994.0,157427.0,322171.0,489546.0,234355.0,3305787.0,249302.0,4745357.0,1244842.0,41057.0,2030126.0,501218.0,742523.0,2421130.0,269174.0,654256.0,139517.0,1063891.0,6172649.0,533457.0,107076.0,2955111.0,2672981.0,145274.0,783479.0,101333.0
134,481303.0,105924.0,1363943.0,475115.0,9146355.0,1575263.0,604732.0,87773.0,3320896.0,4413590.0,205979.0,145302.0,3043800.0,770111.0,316004.0,1024077.0,440721.0,858946.0,224563.0,2207007.0,1515645.0,1414113.0,870473.0,329710.0,1093699.0,160976.0,313330.0,487258.0,239258.0,3294874.0,245774.0,4736456.0,1196064.0,39236.0,2014724.0,479725.0,731150.0,2378616.0,277112.0,622856.0,138303.0,1056528.0,6081452.0,540236.0,106598.0,3004485.0,2927621.0,143696.0,767612.0,103271.0
135,465821.0,104723.0,1364825.0,467629.0,9120296.0,1566883.0,609449.0,90360.0,3326513.0,4310108.0,205083.0,143252.0,3044908.0,771862.0,305513.0,1031930.0,417306.0,861040.0,221036.0,2180594.0,1517373.0,1414433.0,868423.0,326127.0,1098920.0,156960.0,311992.0,494564.0,238119.0,3290223.0,244331.0,4667110.0,1129238.0,39121.0,1938399.0,481590.0,761308.0,2368540.0,269756.0,605904.0,143348.0,1048031.0,6157955.0,526774.0,106584.0,3123429.0,2887706.0,144117.0,746825.0,100883.0
136,473521.0,103386.0,1375396.0,474223.0,9123322.0,1553732.0,600003.0,91369.0,3379682.0,4484561.0,213301.0,143555.0,3011210.0,780397.0,309024.0,1029409.0,473858.0,856467.0,221047.0,2133256.0,1530243.0,1418267.0,869697.0,332069.0,1094875.0,155960.0,318733.0,491900.0,239451.0,3311456.0,242631.0,4702714.0,1454093.0,38180.0,2111134.0,482134.0,747776.0,2345783.0,285901.0,673024.0,140131.0,1039135.0,6062278.0,533160.0,109544.0,2834770.0,2865844.0,141039.0,798789.0,99425.0
137,462111.0,104965.0,1379009.0,479592.0,9165864.0,1567080.0,610619.0,88735.0,3354496.0,4445728.0,205581.0,147396.0,3025712.0,785956.0,309563.0,1026725.0,472647.0,866227.0,231691.0,2236502.0,1526629.0,1423899.0,863873.0,321201.0,1100396.0,153112.0,318418.0,496416.0,245252.0,3329904.0,251642.0,4699403.0,1492218.0,39614.0,2134876.0,489340.0,761424.0,2380625.0,276186.0,694707.0,141266.0,1051390.0,6115095.0,531538.0,114672.0,3014675.0,2857626.0,138283.0,794090.0,99843.0
138,457082.0,104778.0,1367077.0,476744.0,9241768.0,1520511.0,605526.0,90491.0,3386544.0,4246621.0,208347.0,142851.0,2997787.0,778743.0,311776.0,1013535.0,478440.0,870597.0,233297.0,2215316.0,1533739.0,1424678.0,845379.0,320342.0,1071102.0,148860.0,311095.0,499873.0,251171.0,3354206.0,235131.0,4724175.0,1493165.0,37293.0,2139954.0,459319.0,742166.0,2384967.0,280778.0,677904.0,137967.0,1038327.0,6204111.0,503325.0,116014.0,3110398.0,2827877.0,143052.0,789516.0,93703.0
139,460189.0,105344.0,1386606.0,482335.0,9299939.0,1495887.0,616527.0,92961.0,3381599.0,4514883.0,217530.0,140541.0,2994949.0,794767.0,310166.0,1026996.0,486307.0,874927.0,236925.0,2215263.0,1536165.0,1451405.0,857315.0,322031.0,1094244.0,144616.0,332848.0,489927.0,248154.0,3361866.0,232689.0,4778955.0,1493007.0,37372.0,2156918.0,477721.0,754015.0,2408894.0,283313.0,699457.0,138224.0,1051430.0,6073696.0,504214.0,116199.0,3040777.0,2843818.0,147847.0,797228.0,90618.0
140,469450.0,104520.0,1378158.0,490703.0,9332748.0,1484280.0,621884.0,94739.0,3424674.0,4481031.0,215614.0,136188.0,2997246.0,794429.0,304943.0,1029895.0,484714.0,876073.0,243055.0,2263851.0,1541259.0,1462594.0,846798.0,324763.0,1097215.0,143223.0,324500.0,498675.0,253639.0,3362892.0,237624.0,4796860.0,1510136.0,35598.0,2142029.0,479087.0,757213.0,2441378.0,277472.0,714933.0,136473.0,1050487.0,6154718.0,500419.0,109944.0,3070407.0,2839250.0,154507.0,790400.0,94683.0
141,468317.0,110941.0,1377827.0,494802.0,9227644.0,1467167.0,647798.0,93251.0,3489527.0,4486204.0,219471.0,139273.0,2985744.0,812506.0,309312.0,1033413.0,500020.0,887299.0,252757.0,2296727.0,1630142.0,1473538.0,854088.0,321430.0,1104051.0,138691.0,328961.0,498495.0,266584.0,3433306.0,235982.0,4892781.0,1544950.0,37790.0,2202106.0,486755.0,753776.0,2517236.0,295358.0,713922.0,140832.0,1083104.0,6178141.0,507542.0,120183.0,3080579.0,2856191.0,155225.0,803317.0,94319.0
142,466878.0,111891.0,1392072.0,497762.0,9224303.0,1471738.0,654618.0,100591.0,3472193.0,4522151.0,213328.0,139528.0,3017468.0,810739.0,304577.0,1024592.0,481995.0,872258.0,262494.0,2283990.0,1599773.0,1475565.0,866661.0,324850.0,1113276.0,141510.0,328647.0,502981.0,275635.0,3459629.0,231454.0,4959372.0,1250902.0,35518.0,2157151.0,472805.0,768710.0,2500821.0,301805.0,644711.0,143172.0,1087601.0,6228301.0,496705.0,120639.0,3141880.0,2885286.0,155622.0,798390.0,91209.0
143,470773.0,113568.0,1391419.0,501722.0,9238615.0,1442000.0,672665.0,101602.0,3497705.0,4467773.0,209148.0,131671.0,3004513.0,832593.0,305667.0,1035047.0,506629.0,867329.0,258830.0,2313546.0,1637250.0,1497873.0,857534.0,318957.0,1114922.0,138308.0,338695.0,499314.0,271456.0,3483507.0,228867.0,4997472.0,1574640.0,36666.0,2246790.0,467072.0,764849.0,2542920.0,301452.0,719807.0,140975.0,1096637.0,6184913.0,484504.0,122870.0,3036924.0,2892076.0,151851.0,811062.0,91285.0
